id_cliente,nombre_cliente,correo,telefono,ciudad,pais
1,Carmina Carbajo,xsanmartin@example.net,851878048,Ceuta,Chile
2,Celestino del Sarmiento,romuloramirez@example.org,719019839,Almería,Turquía
3,Emelina Gracia,barbara09@example.com,17812545,Madrid,Kiribati
4,Victor Borja Marí,adadianilo@example.com,359365180,Huesca,Emiratos Árabes Unidos
5,Emperatriz Eva Arroyo Pazos,dalmauadelardo@example.org,633085706,Alicante,Grecia
6,Ezequiel Prat Cazorla,baudeliorico@example.com,226993048,Santa Cruz de Tenerife,Montenegro
7,Gala Boix Chamorro,gbarreda@example.org,273350767,Santa Cruz de Tenerife,San Marino
8,Susana Lillo Reguera,jose-luis64@example.com,889882141,Vizcaya,Senegal
9,Santiago del Beltran,gregorio79@example.com,650924216,Valladolid,Camboya
10,Maricela Batalla Tejera,robledolupe@example.com,432727706,Madrid,Grecia
11,Clara Elisa Pinilla Catalán,luis-miguel27@example.org,279052553,Ávila,India
12,Mónica Donoso Belda,emelinagarrido@example.net,717057991,Álava,Bangladesh
13,Régulo Canals Llamas,alfredo59@example.com,531353894,Málaga,Marruecos
14,Anita Ponce Soler,elviracastrillo@example.net,154053135,Segovia,Sierra Leona
15,Heraclio Rincón Benavent,hugo47@example.org,581138275,Álava,Mauricio
16,Fabián Arcos Mora,cabellotrini@example.org,523421836,La Coruña,Nauru
17,Yéssica del Vicente,visitacionoliver@example.com,707976758,Lugo,Georgia
18,Marisa Belen Morera Baena,horacioconesa@example.org,55446302,La Rioja,Belarús
19,Fabiana del Catalán,omontserrat@example.org,298366523,Melilla,Swazilandia
20,Sabas Urbano Ibarra Arce,sabascorbacho@example.com,860061279,Huesca,República Centroafricana
21,Cándida del Paz,ainoasanchez@example.net,586516651,Vizcaya,Reino Unido de Gran Bretaña e Irlanda del Norte
22,Nicodemo Valverde,mauramonreal@example.net,954088741,Ourense,Gabón
23,Maura Capdevila-Espinosa,florencio82@example.com,429727747,Castellón,Colombia
24,Alfredo Efraín Cabanillas León,gonzalomurcia@example.com,71982016,Badajoz,Kiribati
25,Rubén Vega-Jover,gonzaloandres@example.com,570391955,Madrid,Bhután
26,Duilio Zurita-Coronado,mdominguez@example.net,555376685,Salamanca,Mongolia
27,Herminio Batalla Estrada,fmanso@example.org,923856943,Asturias,Dinamarca
28,Griselda Manjón Barón,pepegalvan@example.net,159443409,La Coruña,Suriname
29,Jacinta Terrón Tapia,pabloleiva@example.com,928713113,Tarragona,Vanuatu
30,Remigio Carpio Bello,regueraulises@example.com,850996583,Ciudad,Guinea Ecuatorial
31,Clarisa Zurita Borja,canterocelso@example.com,146994420,Melilla,Eslovaquia
32,Amor Gelabert Domínguez,alcoleabenito@example.net,731314454,Castellón,San Vicente y las Granadinas
33,Santiago del Ángel,mplana@example.com,749791799,Guadalajara,Seychelles
34,Fabiola Fernández Terrón,edgar88@example.org,504568999,Vizcaya,Finlandia
35,Emigdio Peñas Carreras,ccerdan@example.com,728973233,León,Islas Salomón
36,Valero Arnaiz Figuerola,teresitavelazquez@example.com,806607632,Cantabria,Rumania
37,Rosalina Camacho Guzmán,gtorre@example.net,681144655,Zamora,Gambia
38,Víctor del Ortiz,alcalalara@example.net,589532496,Ciudad,Dinamarca
39,Rosa Priego Aroca,lina00@example.com,128457912,Palencia,Jamaica
40,Jose Miguel Pedrosa Alvarado,donato89@example.org,983408793,Melilla,Congo
41,Francisco Javier López Acedo,itziar01@example.net,353648569,Guadalajara,Congo
42,Sebastián Oliva Villalonga,hbarrios@example.org,64307358,Lugo,Nauru
43,Merche Roig-Mora,mariselamanuel@example.net,32764211,Salamanca,Montenegro
44,Leire Cabañas Jimenez,sampermelchor@example.org,795005696,Córdoba,Marruecos
45,Nereida Correa Vila,baenaencarnita@example.com,927609969,Cuenca,Túnez
46,Nieves de Ferrera,carloscalderon@example.org,867069021,Badajoz,Myanmar
47,Filomena Bayo Seco,qbejarano@example.net,542717392,Zamora,Italia
48,Aroa Riquelme Cózar,cobosainoa@example.org,327755091,Granada,Ghana
49,Juan Guitart Nicolau,rupertoalcantara@example.com,291845161,Córdoba,Chipre
50,Hernando de Moya,fbarragan@example.org,211855235,Almería,Camboya
51,Emelina Llamas Monreal,encarnacionmosquera@example.org,986141783,Badajoz,Finlandia
52,Sebastian Pérez,patricio79@example.com,4501519,Palencia,Bosnia y Herzegovina
53,Erasmo Fabra Milla,qestevez@example.net,545189933,Cáceres,Marruecos
54,Ricarda Vélez Páez,morenomilla@example.org,365307716,Almería,República Centroafricana
55,Irene Cortés Soria,maria-pilar46@example.org,415777796,Palencia,Papua Nueva Guinea
56,Malena Torrecilla Olivares,fariza@example.com,942815189,Valladolid,India
57,José Luis Montesinos-Martorell,alicia69@example.com,59595436,Ceuta,Zimbabwe
58,Seve de Agustí,piedadoliveras@example.com,228738278,Teruel,Ucrania
59,Amalia Gelabert-Cózar,vcoello@example.org,70799774,Ceuta,Indonesia
60,Paulina Izquierdo,inescortina@example.com,979263667,Toledo,Bolivia
61,Odalis Porta,kroura@example.net,356649367,Tarragona,Arabia Saudita
62,Ainara Anaya Paz,luisclemente@example.com,80103178,Álava,República de Macedonia del Norte
63,Nieves Iris Daza Tomás,maxibarrera@example.org,211855039,Jaén,República Unida de Tanzanía
64,Epifanio Gracia Salcedo,phoyos@example.com,177950873,Valladolid,Burundi
65,Marcelo Tormo Granados,quintanasarita@example.com,431572829,Zaragoza,Georgia
66,América Chico,alealvaro@example.org,174986713,Huelva,Mali
67,José María Castellanos,artemioiniesta@example.net,846016183,Murcia,Islas Salomón
68,Francisco Javier Arranz Cabo,soteloelena@example.org,363356755,Toledo,Etiopía
69,Plinio Félix Tejedor Quintana,yolanda13@example.com,657425451,Murcia,Serbia
70,Mayte Quintero Arribas,guillenencarna@example.net,737673694,Vizcaya,Burkina Faso
71,Fidela Ballesteros Mayo,gargallosamu@example.net,404837782,Cádiz,Gabón
72,Cristóbal Elías Marquez,elpidio24@example.net,823047643,Guipúzcoa,Tailandia
73,Dulce Santana Pardo,febe82@example.com,515738343,Melilla,Eritrea
74,Ricarda Ramos Bayón,sansgil@example.net,392703201,Sevilla,Angola
75,Julián Gil Castell Fuente,estefania54@example.net,342239241,Barcelona,Togo
76,Edu del Galán,ofranch@example.net,385671178,Albacete,Eslovaquia
77,Marino Peñalver Duarte,inigodalmau@example.net,255274989,Jaén,Islandia
78,Mohamed Expósito-Muro,talvarado@example.com,824401864,Segovia,Federación de Rusia
79,Juan Manuel Hierro Pina,nicolasabenito@example.org,927167706,Cuenca,Kirguistán
80,Dionisia Palmira Cuéllar Calvo,ponspatricia@example.net,306787456,Almería,Malawi
81,Beatriz Olivares Oller,ydaza@example.org,976224619,Girona,Perú
82,Calixta del Molina,rcal@example.org,444236968,Valencia,Camboya
83,Quique Villena Muñoz,pinedoapolonia@example.net,635227156,Madrid,Kuwait
84,Lola Roldán Aznar,belenrecio@example.org,203320694,Albacete,Finlandia
85,Soraya Vidal,marc80@example.com,463842733,Huesca,Uganda
86,Fabiola Quesada Gilabert,miguel50@example.org,878389114,Sevilla,Comoras
87,Luz Luisa Valverde Prat,guerrerosabas@example.com,960603011,Girona,El Salvador
88,Javier Néstor Lozano Soto,gironajuliana@example.org,763366142,Las Palmas,Tailandia
89,Roberta Gordillo Cuadrado,ainoa98@example.com,994012954,Pontevedra,Botswana
90,Azahar de Villalobos,clarisa71@example.net,587127800,Madrid,Australia
91,María Del Carmen Capdevila,tsoto@example.com,515429836,Palencia,Austria
92,Lucila Bilbao-Ledesma,sanchoadelardo@example.com,132273286,Cantabria,Mauritania
93,Bernardino Tomé Mayol,carmen48@example.org,250939008,Badajoz,Saint Kitts y Nevis
94,Francisco Camacho-Bernad,rupertocadenas@example.net,320518459,Córdoba,Italia
95,Caridad Galván-Nuñez,vcabo@example.com,628490358,Asturias,Afganistán
96,Paula Quirós Mármol,sheredia@example.org,134983966,Vizcaya,Dominicana
97,Marianela de Lasa,oriana11@example.org,665436377,La Coruña,Turquía
98,Quique Aníbal Barberá Sanchez,gvalera@example.org,730160191,Valencia,San Vicente y las Granadinas
99,Tiburcio Ignacio Villalobos Andres,pedrazapanfilo@example.net,45642556,Zamora,Noruega
100,Juliana Cuéllar-Moll,rfarre@example.org,223267833,Teruel,Azerbaiyán
101,Bárbara Arenas Hervás,teodoravalenciano@example.net,336130244,Álava,Antigua y Barbuda
102,Perla del Sastre,ponscloe@example.net,702034786,Albacete,Granada
103,Pedro Roma-Zapata,imena@example.net,69253370,Granada,Singapur
104,Paulino Baena Vizcaíno,amarilis41@example.com,779149071,Valladolid,Eritrea
105,Piedad del Macias,xandreu@example.net,71771146,Murcia,Granada
106,Aristides Barranco Garrido,jose-luis00@example.com,720080894,Córdoba,Tonga
107,Simón Valera Lastra,bllamas@example.com,398016626,Huelva,Libia
108,Elpidio Olivares,leticia89@example.com,338221864,Lleida,Irlanda
109,Ofelia Baena Yuste,custodio15@example.net,61542037,Málaga,Nauru
110,Buenaventura Posada,kserra@example.com,970196484,Baleares,Comoras
111,Montserrat López Nicolás,pedrorobledo@example.com,576402603,Álava,Vanuatu
112,Judith del Balaguer,qcastello@example.net,868443156,Ourense,Estados Unidos de América
113,Camilo Gallardo Yáñez,madrigalcrescencia@example.com,812676658,Pontevedra,Argelia
114,Cirino Muñoz,humberto20@example.com,497771259,Cuenca,Gabón
115,Angélica Juanita Alemany Fuster,galindoleopoldo@example.com,727302124,Salamanca,Santa Lucía
116,Marisela Murillo Pons,pmateos@example.net,450386741,Teruel,Brunei Darussalam
117,Ariadna Luna,mperal@example.com,422210822,Toledo,Ghana
118,Sonia Casas Colomer,quevedoeugenia@example.org,533794215,Badajoz,Uganda
119,Gema del Costa,xjimenez@example.com,826550231,La Coruña,Belarús
120,Luís Mora-Campos,chamorronorberto@example.com,91976250,Zaragoza,Argentina
121,Chema Quiroga Ropero,iruano@example.org,711357651,Huelva,Grecia
122,Pedro Coll Rubio,malvarez@example.com,4971776,Valladolid,España
123,Aurelio Bermúdez Águila,balduino04@example.net,835290402,Granada,México
124,Andrea Moliner Santana,juradomaria-del-carmen@example.net,741831786,Ceuta,Santo Tomé y Príncipe
125,Rafaela Calatayud Cánovas,josuenoriega@example.net,953093907,Segovia,República Popular Democrática de Corea
126,Buenaventura del Diez,gertrudisaragon@example.com,978791999,Guadalajara,Papua Nueva Guinea
127,María Fernanda Calvo-Jordá,maldonadomohamed@example.org,779713774,Valladolid,Filipinas
128,Elena Pons Amo,ricoteodoro@example.com,790689482,Valladolid,Mauritania
129,Azahar Vázquez Fajardo,custodio94@example.com,873681965,Navarra,Granada
130,Noa Puente,pascualclementina@example.net,186581725,Cádiz,Myanmar
131,Leandra Nicolau,ainara12@example.com,898295786,La Rioja,Grecia
132,Eligia Cal Casado,bejaranonelida@example.com,662640130,Segovia,Niger
133,Ruperto Frías Talavera,loreto76@example.com,346282395,Santa Cruz de Tenerife,República Democrática del Congo
134,Moreno Blazquez,srovira@example.org,439290229,Santa Cruz de Tenerife,Finlandia
135,Gervasio Blasco Escamilla,jeronimomartinez@example.org,169101010,Santa Cruz de Tenerife,Perú
136,Marc Camacho Sola,hsegui@example.com,604355433,Toledo,China
137,Alejandra Olmedo Sierra,cadenasildefonso@example.com,268867129,Soria,Camboya
138,Danilo Tomás Yuste,martapera@example.org,288245670,Ourense,Qatar
139,Zacarías Amando Julián Juliá,berto76@example.com,98307481,Almería,Benin
140,Ulises Jerez Fonseca,ines86@example.com,211332792,Badajoz,Lituania
141,Azeneth Campoy Alvarez,puigclaudio@example.org,101612667,Teruel,Tayikistán
142,Eulalia Andres,jacoboarana@example.com,655376257,Cantabria,Maldivas
143,Begoña Sánchez Vilalta,cayetana82@example.net,537318315,Las Palmas,Francia
144,Samuel Palau Bernad,vilmapalma@example.com,711312610,Pontevedra,Gambia
145,Asunción Baró Salcedo,mduran@example.org,667714453,Pontevedra,Sudán
146,Jose Manuel Folch Huertas,csegarra@example.net,970552774,Teruel,Pakistán
147,Juanita Cabello Roldan,mauragalan@example.com,790770941,Jaén,República Checa
148,Hilario Olmedo Valencia,guillensigfrido@example.org,309410736,Toledo,Brunei Darussalam
149,Fabio de Rosselló,naciocarrera@example.com,970987555,León,Camboya
150,Julieta Mamen Campoy Mariscal,julio42@example.com,412357350,Teruel,Hungría
151,Magdalena Marquez Hervia,alfonso36@example.org,594308359,Sevilla,Arabia Saudita
152,Nydia Iborra,maria09@example.com,43248899,Pontevedra,Guinea
153,Sofía Cisneros Jover,ritagarcia@example.net,418770312,Castellón,Bhután
154,Tecla Porta Ríos,borregofidel@example.net,125605633,Lugo,Chile
155,Jose Antonio Arias Gimeno,bonifaciogallart@example.com,595368695,Ourense,Cabo Verde
156,Encarna Gallo-Pons,alleralbert@example.net,795967668,Santa Cruz de Tenerife,Sierra Leona
157,Melisa Núñez Cruz,leoncio92@example.org,366154394,Álava,Fiji
158,Bernardita Torrent Pardo,marcelino55@example.net,406662808,Ávila,Zambia
159,Isaías Alcalde Palomino,amado13@example.com,387216544,Cantabria,Somalia
160,Magdalena Fernanda Carrión Aparicio,lealiban@example.org,608336834,Girona,Líbano
161,Elías de Ferrero,raquelsoriano@example.org,123845376,Salamanca,Myanmar
162,Leonor Neira Patiño,aurea20@example.net,12233356,Cádiz,Tayikistán
163,Pilar Salas Carrasco,gloriaguitart@example.com,154930029,Burgos,Austria
164,Margarita Amada Caro Vigil,gonzalezanibal@example.org,345499072,Girona,Etiopía
165,Otilia Águila Villegas,agapito34@example.com,463904653,Vizcaya,Tuvalu
166,Jafet Gallo,desiderio75@example.com,16357890,Lleida,Irán
167,Mario Rómulo Casanovas Royo,elpidio01@example.net,125105062,Guipúzcoa,Rumania
168,Yolanda Ferrández,slosa@example.com,204515457,Huelva,Chad
169,Renato Catalá Saez,beatrizzabala@example.com,738198449,Lugo,Mauritania
170,Pablo Baños-Martí,iris25@example.org,921031066,Castellón,Sri Lanka
171,Camilo Ferrando Font,fulgencioserrano@example.org,865464956,Huesca,Comoras
172,Dolores Duque Ocaña,estebanambrosio@example.net,517340965,Zamora,Haití
173,Roldán Ramírez Barbero,vmedina@example.org,208826471,Las Palmas,Eslovenia
174,Juan Bautista Cornejo,ericperez@example.com,874415688,Lugo,Santa Lucía
175,Ximena Diego,fulgencio43@example.com,451345195,Murcia,Zimbabwe
176,Pascual Olivares Montoya,lisandrobello@example.com,829660460,León,Albania
177,Fanny Balaguer-Mariño,juan-francisco05@example.net,506942935,Navarra,Turkmenistán
178,Sabas Aroca Campillo,gomezdesiderio@example.com,261754519,Toledo,Swazilandia
179,Felix Beltran,maria-belensolano@example.com,707457849,Teruel,Túnez
180,Vinicio Barrios Izquierdo,tomas89@example.com,904373133,Granada,Malawi
181,Pepito Ballesteros-Barroso,graufelisa@example.net,662145056,Vizcaya,Comoras
182,Luz Casado,hozjordi@example.org,400417258,Girona,Francia
183,Maura Valcárcel Gallo,montserratprada@example.net,33276464,Soria,Israel
184,Ágata Sevilla Gomila,lourdesgaray@example.org,709548701,La Rioja,Malawi
185,Venceslás Arnal Ramírez,ydiez@example.com,285880718,Toledo,Suriname
186,Cloe Jordá Rubio,valentin98@example.com,711568437,Teruel,Canadá
187,Alberto del Bermudez,ismael38@example.com,206740377,Vizcaya,Letonia
188,Abilio Marin Julián,ribabernardino@example.org,608455277,Navarra,Reino Unido de Gran Bretaña e Irlanda del Norte
189,Celestina Brígida Olivé Alcántara,ptejedor@example.com,179439646,Pontevedra,Perú
190,Jafet Pelayo Acero Manso,miguel-angel40@example.net,442384349,Guadalajara,República Árabe Siria
191,Cristian Arnaiz Polo,penalverazahara@example.org,563161851,León,Libia
192,Milagros del Fortuny,pablojulie@example.com,99921550,Baleares,Palau
193,Corona Ponce Jordá,ybravo@example.net,858380047,Santa Cruz de Tenerife,Iraq
194,Maxi Tamarit Alsina,marquezdonato@example.com,193467413,Castellón,Uganda
195,Rufina Borrego Gonzalo,portaarmando@example.com,737281756,Cantabria,Panamá
196,Gertrudis Aragón Riera,svizcaino@example.org,205339492,Cádiz,Eslovenia
197,Alberto Jáuregui Galán,mendozafabio@example.net,398458052,Álava,Australia
198,Chus de Franco,elodia60@example.com,118146233,Álava,Indonesia
199,Isidro Domínguez Bernat,escribanolilia@example.org,753714765,Tarragona,Mauritania
200,Pía Santamaría Abascal,amigoadalberto@example.com,40594490,Guadalajara,Mónaco
201,Nayara Torralba,alejandrabarba@example.com,297832564,Málaga,República de Macedonia del Norte
202,Yéssica Becerra Campillo,tpineda@example.com,313455836,Córdoba,Burundi
203,Dan Iglesia Álvarez,enriquecasal@example.net,900267867,Melilla,Marruecos
204,Guadalupe Vila,visitacion97@example.com,511137387,Melilla,Palau
205,Jenny Cardona,socorro94@example.org,335756395,Madrid,Guatemala
206,Luciano Morata-Garay,jose-ignaciosantamaria@example.net,575653757,Cáceres,Gambia
207,Leopoldo Flores,carlosisa@example.com,140130546,Huelva,Ucrania
208,Gabriela Álvaro Soler,ecoll@example.net,120511629,Lugo,Chad
209,Cruz Ferrer,dariorebollo@example.com,788975747,Pontevedra,Uganda
210,Rufino Arnau Nuñez,nacionaranjo@example.org,727286790,Guipúzcoa,Dominicana
211,José Mari Quirós Garay,inocencio19@example.net,350316723,La Rioja,Islas Salomón
212,Catalina Guardiola Galvez,jerezesperanza@example.com,134976052,Barcelona,Suecia
213,Horacio Benavent-Santos,lidia60@example.com,961076675,Almería,Honduras
214,Lidia Bayona Antón,padillaolivia@example.org,150171748,León,Singapur
215,Jose Antonio Palma Lucas,yago88@example.org,585620072,Asturias,Dinamarca
216,Amador Morillo Cárdenas,torresyaiza@example.net,81217961,Soria,Granada
217,Jafet Alcaraz Jaume,aranzazu33@example.com,430243339,Huelva,República Democrática del Congo
218,Duilio Casemiro Macias Ferrán,alfonsosalud@example.org,551136230,Baleares,Argelia
219,Paloma Montes Herrero,ursulaasenjo@example.org,446109701,Zamora,República de Corea
220,Dora Chaparro Nogués,leandra59@example.org,238905195,Guadalajara,Ghana
221,Eulalia Santos Montes,ulisescamps@example.org,416059009,Badajoz,Paraguay
222,Hilario Salomón Múgica Gonzalo,martin12@example.com,998561304,Granada,República Federal Democrática de Nepal
223,Pascual Tello Moya,jovercarlito@example.org,625860559,Vizcaya,Georgia
224,Toni Pereira Gracia,jose-manuel53@example.net,789822104,Álava,Argelia
225,Leonel Grande Jaén,cozarmaria-angeles@example.net,372173554,Zamora,Emiratos Árabes Unidos
226,Arcelia Morán Francisco,angelita55@example.net,155053543,Toledo,Armenia
227,Milagros Heras Garriga,hgarzon@example.org,794317335,Ávila,Swazilandia
228,Jimena Figueroa Pereira,jibarra@example.org,177224582,Melilla,Barbados
229,Otilia Bravo Planas,hernandojuan-carlos@example.org,186256525,Vizcaya,Qatar
230,Paz Palomino Peñas,jgoicoechea@example.net,268119137,Almería,Trinidad y Tabago
231,Lara Moll Rosado,morataalbert@example.com,852140628,Zamora,Azerbaiyán
232,Eric Galan Torrens,estefania76@example.com,424674673,León,España
233,Julieta Hoz,gechevarria@example.net,499825040,Zaragoza,República Democrática Popular Lao
234,Francisco Agullo Muñoz,araceli14@example.net,25814054,Barcelona,Estados Unidos de América
235,Claudio Lerma Coello,sanchojulio-cesar@example.net,982782898,Teruel,Guinea
236,Dominga Heras Pulido,jsanmartin@example.org,298844746,Pontevedra,Ghana
237,Fanny Nadal,felicianamendez@example.net,625866495,Jaén,Estonia
238,Basilio Bernat Anguita,gbadia@example.org,15924654,Guadalajara,Palau
239,Fidel Andrés Méndez,barbaracastaneda@example.com,652517808,Jaén,Bahrein
240,Albert Angulo Cantón,ruben69@example.org,431460172,Las Palmas,Ghana
241,Francisco del Galindo,octavia70@example.net,459302611,Tarragona,Portugal
242,Ani Victoria Cabañas Luna,abellafederico@example.net,90881391,Huelva,Egipto
243,Macarena Llabrés Viña,barroselias@example.org,680348888,Barcelona,Sierra Leona
244,Rafa Verdejo-Aramburu,jose-antonio29@example.org,560350437,Huelva,Mozambique
245,Florina Alvarez Alcalá,hvalderrama@example.com,737428033,Tarragona,Brasil
246,Carlos Landa Álvaro,xavier45@example.com,34192012,Ourense,Liechtenstein
247,Paula Arana Ricart,lucilamachado@example.net,475487235,La Coruña,República Democrática del Congo
248,Amada Correa Andreu,calistovelez@example.net,221359276,Pontevedra,Venezuela
249,Armando Díaz,martin46@example.net,728224746,Jaén,Venezuela
250,Juliana Benitez Naranjo,marjona@example.net,810962122,Zamora,Islas Salomón
251,Reyna Valero-Riera,lespada@example.com,787352256,Sevilla,Suecia
252,Toni Melero Valle,opuerta@example.com,4700328,Almería,Myanmar
253,Adelardo Bilbao Checa,jose-miguel08@example.org,932714232,Zamora,Ghana
254,Luis Miguel de Camps,eduardo96@example.com,870007598,Huesca,Kazajstán
255,Lidia Francisco Puente,zzamorano@example.org,434326965,Asturias,Noruega
256,Cintia del Lumbreras,rpintor@example.net,404090292,Cáceres,Mongolia
257,Montserrat Cantón,hierroanna@example.org,847302461,Álava,Timor-Leste
258,Tito Castro Flores,custodiamoran@example.org,101893910,Madrid,Burkina Faso
259,Epifanio Cirino Higueras Quevedo,rafael98@example.org,978019081,Tarragona,Liberia
260,Matías Uribe Rueda,olga49@example.com,330056800,Melilla,Malasia
261,Guiomar Solsona Llanos,barriosluisina@example.org,753243665,Ciudad,Tuvalu
262,Vanesa Casares Vergara,wbadia@example.net,220013370,Soria,Papua Nueva Guinea
263,Candelario Hernando Cases,yolanda68@example.net,684578456,Palencia,República de Macedonia del Norte
264,Román Leopoldo Saavedra Rubio,eladio25@example.com,216267736,Cantabria,Emiratos Árabes Unidos
265,Teófila Nicolasa Teruel Orozco,pererachus@example.net,308168569,Baleares,Eslovaquia
266,Paca Sola Iglesias,haydee64@example.org,407461668,Madrid,República Federal Democrática de Nepal
267,Elvira Bernardita Canet Adán,larranagabautista@example.com,852343089,Jaén,Togo
268,Eutimio del Roda,alex68@example.net,676317797,Navarra,Gabón
269,Joaquín Ariño Arias,sebastianbayo@example.net,150519844,Huelva,República Popular Democrática de Corea
270,Chus Marí-Salinas,rourajorge@example.org,591660458,Melilla,Seychelles
271,Flora Fuentes-Flores,goniolegario@example.net,804671758,Barcelona,República Democrática del Congo
272,Asunción Borrell-Nuñez,ygimenez@example.org,534120481,Ciudad,China
273,Susana Torrent Corominas,ballestermaria-jose@example.org,895200012,Córdoba,Alemania
274,Martin Pozo-Varela,ana-belen53@example.net,220684019,Alicante,Turquía
275,Carla Nevado,ramirezjesus@example.org,736826736,Navarra,Kenya
276,Azahar Mas,benitoaura@example.net,998417414,Segovia,Finlandia
277,Jose Osorio,muletantonio@example.org,620298128,Girona,Irlanda
278,Hernán Múñiz-Codina,sandra70@example.org,195302043,Valladolid,Tuvalu
279,Concha Milagros Oller Cueto,mohamedbarrio@example.org,740983071,Cantabria,Vanuatu
280,Reynaldo Pomares Lobato,wolivares@example.org,866023704,Asturias,Sudán
281,Asunción Salud Aranda Bernad,martincorominas@example.com,26699652,Murcia,Tailandia
282,Candelario Fábregas Andres,jose-luislerma@example.org,999408460,La Coruña,Togo
283,Vidal del Marti,lilia67@example.com,803624128,Segovia,Líbano
284,Victor Manuel Gelabert Marin,etelvinamascaro@example.com,438423768,Ourense,Colombia
285,Claudio Tejera-Querol,ribesche@example.net,136859531,Jaén,Letonia
286,Mateo Carpio-Cabezas,leonbenigna@example.org,183929994,Lugo,Guatemala
287,Rafa Álvaro-Ramis,dafne40@example.org,577537667,Soria,Timor-Leste
288,Alexandra Armas Solé,aposada@example.com,342270570,Palencia,Bhután
289,Encarnación Patiño Cózar,ismaelpineda@example.org,341693783,Albacete,Bhután
290,Tristán Larrea-Carrillo,trillosalomon@example.net,702239041,Pontevedra,Somalia
291,Nereida Valbuena-Requena,geronimoleon@example.net,239649437,Barcelona,Eslovaquia
292,Lucho Alcolea-Ayala,jose-luismedina@example.org,234179560,Valencia,República Unida de Tanzanía
293,Amaya del Saura,mplaza@example.org,147208824,Guadalajara,Madagascar
294,Lucila Amorós Pujol,severino50@example.com,748785469,Barcelona,Uruguay
295,Cándida Lloret Iborra,obru@example.net,94575884,Lleida,Malta
296,Felisa Liliana Bertrán Garay,hferreras@example.com,650642076,Sevilla,Uruguay
297,Brunilda Molina Ponce,rocioochoa@example.org,371812578,Salamanca,Cabo Verde
298,Pepito Manjón Exposito,fioljosefa@example.net,445449668,Valencia,Países Bajos
299,Patricia del Naranjo,cosorio@example.net,725923374,Cuenca,Colombia
300,Jaime Valdés Perales,elena85@example.com,605917533,Granada,Vanuatu
301,Carlota Sabater,miguel00@example.org,548336601,Teruel,Bahrein
302,Norberto Mate Peñas,francisco-javiercarro@example.net,820632625,Sevilla,República de Macedonia del Norte
303,Xavier Morillo Lucas,agustincapdevila@example.org,425020290,Asturias,Hungría
304,Marcial Morcillo-Bermudez,guardiolaciriaco@example.org,783411391,Huesca,Bolivia
305,América Blanco Bermudez,batlleines@example.com,299407787,Álava,Reino Unido de Gran Bretaña e Irlanda del Norte
306,Ramona de Dalmau,ypavon@example.net,126776215,León,Malta
307,Saturnina Zaragoza Chamorro,elbaespanol@example.com,168583086,Albacete,Saint Kitts y Nevis
308,Amancio Bru Viña,berta90@example.org,475453693,Zamora,Etiopía
309,Rosario Ariza Clemente,rosa84@example.org,835886728,Tarragona,Ghana
310,Leandro Carvajal Villar,cuellaremilia@example.net,810948185,Toledo,Papua Nueva Guinea
311,Sabas Pintor Somoza,zsaldana@example.org,822016851,Granada,Kirguistán
312,Felipe de Carbajo,fvalls@example.com,319084678,Toledo,Burundi
313,Abilio Jesús Rosselló Viana,migueljavier@example.com,61192666,Baleares,Federación de Rusia
314,Curro Valverde Peñas,nadiamoya@example.com,856890408,Córdoba,Argelia
315,Rocío Montero Grande,benavidesapolonia@example.com,644925198,Ceuta,Turquía
316,Lorenza del Maestre,emartorell@example.net,224314720,Almería,Trinidad y Tabago
317,Rafaela Cornejo-Suarez,monreallucio@example.org,443317965,Navarra,Angola
318,Calista Corominas Julián,luchofuertes@example.net,737425993,León,Jordania
319,Eustaquio Riera-Belmonte,naznar@example.net,218319981,Las Palmas,Uganda
320,Camila Diéguez Almazán,jesus07@example.org,428261459,Málaga,República Federal Democrática de Nepal
321,Irene Ángel-Iniesta,ligiamaldonado@example.net,700672784,Albacete,Líbano
322,Rosalinda Bueno Andrés,nmartorell@example.com,399314226,Santa Cruz de Tenerife,Guinea
323,Azahar Buendía Ramirez,hcalleja@example.org,244214893,Salamanca,Chile
324,Heraclio Madrid Feliu,aguadoesperanza@example.org,275869775,Burgos,Libia
325,Victor Manuel Olivares Beltrán,zmuro@example.com,392717810,Madrid,Antigua y Barbuda
326,María Dolores Laguna Hernandez,albinaamores@example.com,703024314,Burgos,Guinea Bissau
327,Javier Cerezo Valero,tovarvaleria@example.com,180004151,Cuenca,República Centroafricana
328,Rico Arcos Briones,trinidad35@example.org,554496910,Palencia,Mónaco
329,Fátima Benet Angulo,sotocandelaria@example.com,251280352,Huesca,Luxemburgo
330,Nieves Olivera-Revilla,oizaguirre@example.org,432905780,Huelva,Croacia
331,Maximino Blanes Goicoechea,albert83@example.org,680399981,Girona,Federación de Rusia
332,Julio César de Mascaró,ario@example.org,638584760,Zamora,Brasil
333,Augusto Francisco Casals,irma33@example.com,740241150,Salamanca,Sudán
334,Pastor Calatayud,etelvina02@example.com,910305093,Córdoba,Trinidad y Tabago
335,Lidia Leiva Téllez,gelabertemigdio@example.net,706448471,Zamora,Noruega
336,Domitila Sierra Paz,grasguiomar@example.com,562701721,Granada,Palau
337,Felipa Jaume Rodrigo,mporta@example.net,773371049,Cáceres,Santo Tomé y Príncipe
338,Xiomara Pardo-Vila,marianelasaldana@example.org,438621334,Ceuta,Nicaragua
339,Julia Oliveras Feliu,uclavero@example.org,957209439,Girona,República de Moldova
340,Cirino Narciso Luna Miró,epifanio64@example.net,508279912,Ourense,El Salvador
341,Joan Lobato Campoy,adela00@example.com,916290579,Asturias,Canadá
342,Samanta Garcés-Perera,silvia13@example.net,206704182,Granada,Mali
343,René Alvarez Suárez,yessicayuste@example.com,638707831,Asturias,Cabo Verde
344,Juan Pablo del Quevedo,usoria@example.org,795414879,Santa Cruz de Tenerife,Guatemala
345,Tadeo Alvarado Peñalver,alondraquevedo@example.com,740271408,Baleares,Tuvalu
346,Juan Antonio Jiménez Gordillo,waguado@example.com,36571782,Guipúzcoa,Saint Kitts y Nevis
347,Narcisa Salmerón,ileana53@example.com,469120539,Ávila,República Centroafricana
348,Celia Pizarro Arnal,cidflorencio@example.net,508311001,Teruel,Haití
349,María Fernanda Roura Jimenez,hcastells@example.org,505755604,Huelva,Djibouti
350,Carlota Miralles Beltran,nrivero@example.net,578414749,La Coruña,República Democrática del Congo
351,Charo Alonso-Burgos,tbuendia@example.org,643354049,Vizcaya,Filipinas
352,María Dolores Manso Gomila,pinedamanola@example.org,930971668,Lleida,Jordania
353,María Fernanda Calista Valverde Cazorla,ramonalegre@example.net,160408320,Albacete,Liberia
354,Gala Tejera Elías,munizeliseo@example.com,760256053,Málaga,Uzbekistán
355,Nazaret Arenas Hidalgo,elpidio35@example.net,738883779,Huelva,Kiribati
356,Amílcar Mosquera Lasa,catalinamascaro@example.com,595229199,Castellón,Benin
357,Samu Burgos Quiroga,riosmarta@example.net,601713905,Córdoba,Zimbabwe
358,Leticia de Esteban,urenalazaro@example.net,898325573,Albacete,República Centroafricana
359,Victoriano Giner Esteban,jonatan42@example.org,171565797,Córdoba,Tonga
360,Ruperta Cabello España,cferrera@example.net,659704795,Granada,Hungría
361,Leandro Salamanca Zurita,juanitocueto@example.com,588858304,Teruel,India
362,Manu Milla Coello,lisandrogascon@example.com,993201669,La Rioja,Malawi
363,Albino Espinosa Blanco,paulinojauregui@example.org,182067715,Navarra,Cabo Verde
364,Reyes Amador,regulorivero@example.com,208248306,Baleares,Ghana
365,Yolanda Hoyos Tomás,cginer@example.org,885029984,Melilla,Rumania
366,Félix Alemán,eloisasacristan@example.org,365468473,Navarra,Jamaica
367,Anselmo de Llobet,svelez@example.org,404698474,Lugo,Palau
368,Wálter Cal Morán,rubiomontserrat@example.net,192684441,Las Palmas,Islas Salomón
369,Jose Manuel Valls Armas,olmosabas@example.net,76855408,Girona,Pakistán
370,Ismael Mur,jeremias14@example.net,389878053,Pontevedra,Mauricio
371,Renata Elena Alcázar Esteban,manjonchucho@example.org,797763485,Pontevedra,Cuba
372,Josefina Arnal Alsina,maxi08@example.com,393023039,Asturias,México
373,Daniela Arcelia Bellido Figuerola,toribio22@example.org,352126812,La Rioja,Kazajstán
374,Rosalina Pozo Tomas,amateu@example.com,82269963,Guadalajara,Camerún
375,Cebrián Galvez,ernesto11@example.net,706767686,Granada,Suiza
376,Sosimo Alcalde,rovirajose-angel@example.org,277969688,Segovia,Tailandia
377,Rosario Nélida Alemán Alegre,muletcasemiro@example.net,64692542,Lugo,Federación de Rusia
378,Renata del Cervera,dsedano@example.com,304077225,Ceuta,Islas Marshall
379,Malena Cabezas Camps,heliodoropenas@example.net,942357860,Madrid,Emiratos Árabes Unidos
380,Encarnación Alba Solís Carranza,escrivagaspar@example.net,708808584,Albacete,Turkmenistán
381,Manu Miranda Chaves,dominga97@example.com,57977080,Toledo,Grecia
382,Florentino Jose Carlos Aranda Bermúdez,bauzaperla@example.net,194551011,Zaragoza,Noruega
383,Mario Peralta Rueda,patricioherranz@example.net,934832116,Ciudad,Tailandia
384,Natanael Curro Pozo Alemany,feliciana59@example.com,352490607,Huesca,Canadá
385,Isabel Saura Lloret,juan-manuel29@example.net,767993976,Lugo,Kirguistán
386,Plácido de Echevarría,baldomerocantero@example.net,694608909,Lugo,Chad
387,Jose Ramón Fuster-Pintor,iriartenoe@example.com,998914312,Alicante,Bhután
388,Felisa Sanabria,tsaavedra@example.org,108354915,Cáceres,Bahamas
389,Artemio Tirado-Corral,dalegria@example.net,122662149,Ciudad,Portugal
390,Pacífica Araujo Manzano,basilioperello@example.org,42473669,Burgos,Islas Marshall
391,Ainoa Fábregas Plana,oscaralmeida@example.com,175045115,Melilla,Tailandia
392,Marcio Sanabria-Garay,choz@example.com,857743404,Huesca,Uruguay
393,Herminio Inocencio Palomo Delgado,nsalazar@example.net,606671015,Murcia,Turquía
394,Paola Casals-Ferrando,eladiosalinas@example.org,742745863,Lleida,Malawi
395,Amada del Lucas,lsanchez@example.net,359728884,Valladolid,Mauricio
396,Eric Celestino Gisbert Morales,federicomachado@example.net,269278150,Santa Cruz de Tenerife,Somalia
397,Ovidio Sans Amor,wtomas@example.org,203852109,Albacete,Jordania
398,Chuy Sosa,rodrigoestrella@example.net,478178172,Castellón,Maldivas
399,Salvador Uría Morell,juan-bautistaamores@example.net,154876408,Cáceres,Cuba
400,Merche Vilar,nicomatas@example.net,285712309,Cáceres,Eslovenia
401,Severo Sierra Mate,juan-jose38@example.org,72855710,Soria,Irlanda
402,Lina Gonzalez Hervia,galaneugenio@example.com,371254174,Tarragona,Fiji
403,Epifanio Suarez Luján,arcotomas@example.net,723291653,Barcelona,Namibia
404,Beatriz Carbonell Lozano,hildacuesta@example.org,144680612,Jaén,Camerún
405,Osvaldo Carrión Arranz,molesluciano@example.com,380624491,Ourense,Kuwait
406,Soraya Sierra Mariño,luisina06@example.com,911535148,Las Palmas,Países Bajos
407,Amaya Carina Vaquero Chico,emigdio90@example.com,772018391,Ceuta,Vietman
408,Eva Pascual Perea,carreterogaspar@example.com,932966965,Granada,Argelia
409,Corona del Suarez,olinares@example.org,24662966,Granada,Timor-Leste
410,Telmo Sala Lozano,belmontejose-ramon@example.org,582854369,Lleida,San Marino
411,Evaristo Costa Bello,garias@example.net,41405623,Las Palmas,Cabo Verde
412,Ana Belén Olmedo Gomila,perezsancho@example.org,937534622,Soria,Zimbabwe
413,Armida de Simó,alonso92@example.com,902506953,Alicante,Gabón
414,Victor Taboada Martín,charo12@example.net,568213893,Tarragona,Líbano
415,Leticia Bas-Fonseca,eric81@example.net,395796681,Guadalajara,Mónaco
416,Celso Sáenz Carreño,salomon81@example.com,349086709,Valladolid,Timor-Leste
417,Azucena de Tejero,ferreramacaria@example.com,812711141,Ávila,Niger
418,Felipe Alcázar Manzano,pliniochaparro@example.org,241184237,Soria,Hungría
419,Fito Real Blanch,vinasbernardino@example.net,666530062,León,Cabo Verde
420,Artemio Ibáñez Cáceres,quevedosilvio@example.com,99381029,Guadalajara,Eritrea
421,Sara Figueroa Avilés,heracliopareja@example.com,244090158,Sevilla,Papua Nueva Guinea
422,Aristides Aramburu,vicenteboix@example.com,492876546,Ourense,Jamaica
423,Miguela del Colomer,lorenzagabaldon@example.org,937961412,Alicante,Turkmenistán
424,Primitiva Cuéllar Bermejo,cloesales@example.com,521070520,Ciudad,Bhután
425,Bernarda Bernad Heredia,khernandez@example.com,91499511,Las Palmas,Paraguay
426,Borja Reig-Arco,bjuarez@example.com,234113230,Teruel,Dinamarca
427,Pía Ruiz-Castell,herviasaturnina@example.net,645722374,Lugo,Panamá
428,Amarilis Solsona Puerta,luzmelero@example.com,380149147,Cádiz,Reino Unido de Gran Bretaña e Irlanda del Norte
429,Cristian Tomás Díaz Benavides,luna74@example.com,759184691,Cuenca,Belarús
430,Félix Paredes Carreño,bayonalbina@example.com,468874515,Jaén,República Popular Democrática de Corea
431,Débora Mayte Vélez Fuentes,adoramanjon@example.org,178217592,Ávila,Tonga
432,Armida Leiva Gallego,magdalena20@example.net,799133437,Sevilla,Dominicana
433,Lalo Llano,heracliobarroso@example.net,322749595,Valladolid,República Democrática Popular Lao
434,Benita Larrea Aguado,olallatamayo@example.org,856550643,Ciudad,Bosnia y Herzegovina
435,Josué del Llanos,modesto06@example.net,282203101,Barcelona,Nicaragua
436,Celia Vigil,atienzanicolasa@example.net,125791029,Las Palmas,Lesotho
437,Camila Pomares Lasa,xcarvajal@example.com,497607509,Soria,Tailandia
438,María José Corbacho Serrano,tadeoramon@example.net,124747580,Tarragona,Sudán
439,Matías Gil Pascual Carranza,roxanallorente@example.net,46283612,Ávila,Luxemburgo
440,Priscila del Mateu,jaramilagros@example.com,996887267,Córdoba,Côte d'Ivoire
441,Diego Manzanares Font,sarmientoflorina@example.com,276800440,Segovia,Australia
442,Fidela Chelo Malo Ureña,paguila@example.org,652704635,Segovia,Malta
443,Evelia Porta Vallejo,ema43@example.net,780003162,Barcelona,Kazajstán
444,Tecla Herranz Lozano,osancho@example.net,783908798,Ourense,Letonia
445,Joel Manuel Aguilar,rcruz@example.com,301250393,Segovia,Zambia
446,Alejandro Lucho Cuevas Rico,hgalvez@example.org,416002126,Barcelona,Belice
447,José Manuel Dalmau Anaya,gamezfelipa@example.org,641720026,Albacete,Hungría
448,Eleuterio Coello Miralles,vporras@example.net,592301889,Granada,Ucrania
449,Diego Torrents,damian97@example.org,350178833,La Rioja,Pakistán
450,Herminio Gracia Mayoral,julie59@example.org,789760595,Ceuta,Honduras
451,Judith Maricela Ortega Rincón,asanabria@example.org,661563586,Lugo,Afganistán
452,Buenaventura Jimenez Padilla,cabezasflor@example.org,423954803,Baleares,Dominicana
453,Emigdio Gámez,marianahidalgo@example.org,333196044,Melilla,Sierra Leona
454,Agustín Hernando Planas Sarabia,harteaga@example.org,372313889,Guadalajara,Alemania
455,Martina Sevilla,plazapaz@example.net,667622523,Vizcaya,Papua Nueva Guinea
456,Urbano Ayuso,bayongabriela@example.com,836699095,Lleida,Comoras
457,Manu Rosselló Herrera,hcuenca@example.com,263095428,Castellón,Malta
458,Haroldo Blanch Crespo,ygracia@example.org,84165313,Sevilla,Uganda
459,Vidal Benavent,neirajuanita@example.org,67124538,Palencia,Islas Marshall
460,Jose Manuel Sanmartín Perales,portilloisa@example.net,41084421,Granada,Ecuador
461,Adoración Cobo Chico,ximena29@example.org,83780856,Huelva,Côte d'Ivoire
462,Florentino Ribas Colomer,fermin93@example.com,406160393,Girona,Belarús
463,Juan Bautista Bernal,jgras@example.net,702126577,Vizcaya,Honduras
464,Ámbar Lorenzo Tamayo,velazquezvidal@example.org,163184923,Cantabria,Bangladesh
465,Gema Duarte,chemarti@example.org,990141724,Valladolid,Samoa
466,Victor Arranz,vsans@example.net,387415284,Zamora,Mozambique
467,Leyre Pía Ávila Bayo,npuente@example.org,870723746,Salamanca,Liberia
468,Jerónimo Mariscal-Cortes,maritacaballero@example.com,674691529,Teruel,Georgia
469,Ruperta Mendizábal Machado,omateo@example.com,420638980,Guipúzcoa,Irlanda
470,Pío Ribera,alondra62@example.com,841964075,Alicante,Malasia
471,Reyes Carreras Amor,plinio98@example.com,79102331,Toledo,Países Bajos
472,Luis Miguel Lorenzo Peiró Cabo,gervasio20@example.com,687399939,Soria,Bosnia y Herzegovina
473,Agapito Lluch Barragán,rosa-maria26@example.org,964456374,Málaga,Micronesia
474,María Pilar de Ruiz,ibanmaestre@example.com,420485273,Huesca,Guinea Bissau
475,Viviana Castillo Pavón,valentinacabello@example.org,162167260,Albacete,República de Moldova
476,Melchor Atienza Zamora,wfigueroa@example.org,932967088,Barcelona,Saint Kitts y Nevis
477,Salvador Wálter Trillo Vendrell,rosespiridion@example.com,372857614,Sevilla,Nigeria
478,Rodolfo Lluch Fabra,bcuellar@example.net,325293382,Córdoba,Suiza
479,Cristian Barranco Palomares,kriquelme@example.net,491165353,Guipúzcoa,Yemen
480,Celestina Durán,knaranjo@example.com,992357674,Girona,Eritrea
481,Amor Ágata Castellanos Pacheco,bibiana45@example.org,54950821,Cantabria,Eslovenia
482,Augusto Ramírez Velasco,jeronimo26@example.net,57750705,Guipúzcoa,Alemania
483,María Carmen Ramón-Pinedo,rosa-mariaamat@example.org,855710205,Cuenca,Ucrania
484,Carmina Estrada,tmontana@example.org,763463625,Cantabria,Egipto
485,Jenaro Pujadas Martí,floracedo@example.org,826022099,Castellón,Noruega
486,Nicolás de Vilanova,albino30@example.com,985520088,Pontevedra,Etiopía
487,Feliciano Zurita Godoy,mateolino@example.net,702561625,Granada,Gabón
488,Rómulo Agustí-Mate,bmontenegro@example.net,304418674,Álava,Australia
489,Melisa Barón,cdelgado@example.com,651097355,Cáceres,San Vicente y las Granadinas
490,Hermenegildo Goñi,edu79@example.com,545309615,Palencia,Egipto
491,Félix Timoteo Barrio Gelabert,jgutierrez@example.net,362606848,Sevilla,Ghana
492,Carlito Plana Solís,conesamatilde@example.com,856331297,Álava,Países Bajos
493,Trini Barceló,upuerta@example.net,613924740,Segovia,Kenya
494,Rufina Barberá,manriquesocorro@example.com,846167221,Teruel,Croacia
495,Isidro Amores-Segarra,epedraza@example.com,77160223,Ávila,Polonia
496,Ciro Villalonga Camacho,fulgencio78@example.org,485573166,Baleares,República Checa
497,Josefina Garriga Ruiz,sandalio23@example.org,704173478,Badajoz,Argelia
498,Fernando de Alcázar,cortesfelix@example.net,472139644,Salamanca,Guatemala
499,Candelas Aragón Palau,lluchteodora@example.com,293292024,León,Antigua y Barbuda
500,Conrado Renato Izquierdo Ballester,xpalmer@example.org,463675422,Palencia,Montenegro
501,Ileana de Casares,pelayo72@example.net,37473070,Asturias,Italia
502,Telmo Ferrández Santamaria,dosuna@example.org,961002873,Tarragona,Islas Salomón
503,Benito Barros Mayo,ggarzon@example.net,452066642,Zaragoza,Micronesia
504,Vicente Mendizábal Álamo,fernanda98@example.org,57709490,Cantabria,Chile
505,Sergio de Jimenez,julietaayala@example.net,162947428,Lleida,Malawi
506,Carlos Aguirre Carrera,ofeliacaparros@example.org,808721985,Burgos,Guinea
507,Casandra del Rovira,alcidesnicolau@example.net,886246834,Granada,Kuwait
508,Susanita Bernat Ballesteros,carreteroedu@example.com,760437795,Madrid,Liberia
509,Hernando Salcedo Gordillo,lazaro06@example.com,409820377,Segovia,Somalia
510,Tiburcio Manrique Romeu,escolanogonzalo@example.org,951534691,Ciudad,Túnez
511,Valeria Pina Avilés,serranoceferino@example.org,853768497,Soria,Nueva Zelandia
512,Jose Ramón Asdrubal Perez Delgado,kpinilla@example.org,620409026,Pontevedra,Italia
513,Valentina Pino,qgomez@example.org,252485927,Las Palmas,Bosnia y Herzegovina
514,Luis Ángel de Luque,florenciaespejo@example.com,593878284,Salamanca,Albania
515,Ruben Marqués,florribas@example.com,133620897,Teruel,Guinea
516,Emilia Cabrero Mulet,pinillaremedios@example.org,473447990,Segovia,Maldivas
517,Candelario Baños Perelló,hferrero@example.org,770790586,La Coruña,Filipinas
518,Angélica Bueno Cifuentes,wtejada@example.com,59010383,Huesca,Bangladesh
519,Nazario Francisco Jose Salamanca Iglesia,rcontreras@example.net,608234446,Las Palmas,Senegal
520,Basilio Cifuentes Correa,cardonaadelaida@example.com,765741223,Ciudad,Paraguay
521,Viviana Milla Alberdi,lauracalvo@example.com,384282646,Cuenca,Comoras
522,Albert Buenaventura Estévez Pallarès,eusebia31@example.com,289081718,Asturias,Panamá
523,Juanita Blanco Morera,otiliatolosa@example.net,536242515,Ávila,Mauritania
524,Adelia Alvarado Ledesma,teodora68@example.org,160662690,Segovia,Maldivas
525,Lorena Susana Cerdán Robledo,amelia89@example.org,620295758,Albacete,Suecia
526,Octavio Higueras,martinflor@example.org,946250905,Lleida,Granada
527,Jenny Ema Solana Villena,noellabres@example.net,895729557,Córdoba,Comoras
528,Azahara Calderón Rubio,marinogalan@example.net,153807560,Lugo,Países Bajos
529,Aitor Quero Galan,bellidoagueda@example.org,370923516,Ourense,Liberia
530,Rosario Miralles,omarcastilla@example.com,444616473,Huelva,Zambia
531,Belén Prats Cifuentes,szabaleta@example.com,341380914,Guipúzcoa,República Árabe Siria
532,Matilde Soledad Reyes Blanca,guzmanruperto@example.net,14834570,Las Palmas,Australia
533,Andrés Felipe Farré Godoy,zabaletaelba@example.org,789127417,Valencia,Ucrania
534,Paca Escamilla Alfonso,alarconmodesta@example.org,677404287,Valladolid,República Popular Democrática de Corea
535,Teodoro Lledó Egea,iniguezcornelio@example.org,18872069,Murcia,Kenya
536,Evelia Bárcena,clarisa25@example.org,636508991,Granada,Cuba
537,Leocadia Almansa,ciriacocabrero@example.net,92723062,Ceuta,Benin
538,Vilma Prat Amor,tbernal@example.org,810626320,Teruel,Kenya
539,Heliodoro Mateu Torrens,manuela82@example.net,966860328,Almería,Seychelles
540,Angelina Jurado,batallaclarisa@example.org,717183941,Baleares,Yemen
541,Adolfo Vilar Cáceres,vcarrasco@example.org,423047954,Segovia,Etiopía
542,Conrado Jose Vilalta Pomares,juana48@example.net,339649703,La Coruña,México
543,Jenaro Tormo Rios,sarapeinado@example.org,320863868,Zamora,Santa Lucía
544,Ricardo Alcalá Alberto,auraespada@example.org,7854240,Santa Cruz de Tenerife,Mauricio
545,Porfirio Nadal-Andreu,godofredo59@example.com,969316068,Ávila,Italia
546,Luciana Juárez Galván,yguijarro@example.com,866322444,Guadalajara,Eritrea
547,Tomás del Hidalgo,morena56@example.com,572238718,Álava,Camboya
548,Paulina Campos Aliaga,merinomarcelino@example.net,534981898,Castellón,República Unida de Tanzanía
549,Gerardo Julio César Carvajal Galan,reynaamat@example.net,792893804,Alicante,Armenia
550,Cayetano Olegario Castro Feijoo,odalisrincon@example.com,654115498,Zaragoza,Bangladesh
551,Rufina Tamara Nuñez Ariza,stejada@example.com,108620043,Cuenca,Paraguay
552,Camila Manzanares Barreda,moises07@example.org,10391256,Sevilla,Mozambique
553,Lupe Contreras-Madrid,barbaralara@example.com,81395095,Tarragona,Comoras
554,Eugenio Oliveras Vargas,isaac54@example.org,381132550,Ávila,Mozambique
555,María Carmen Corbacho Pascual,callejanicanor@example.com,737564999,Salamanca,Paraguay
556,Milagros Aguirre,rivaslino@example.com,224915597,Albacete,Portugal
557,Federico Lopez Gil,lucilasedano@example.com,871453888,Sevilla,Dominicana
558,Vanesa Paniagua,ctena@example.net,164100696,Huesca,Argelia
559,Reyes Guillén Pons,lsantiago@example.net,582074763,Tarragona,Italia
560,Manuel Agustí,bernaleleuterio@example.com,25500309,Murcia,Swazilandia
561,Maximiliano Acevedo Rios,primitiva09@example.com,462955585,Álava,Kazajstán
562,Miriam Prada Isern,fbenavides@example.org,145008972,Almería,Finlandia
563,Natividad Amor Carpio,leopoldoguijarro@example.com,964195872,Jaén,Santo Tomé y Príncipe
564,Íngrid Benito Carnero,lpelayo@example.com,481994635,Granada,Samoa
565,Humberto Fortuny Martin,juan-franciscobalaguer@example.com,985373966,Guipúzcoa,Marruecos
566,Norberto Ribas Rivero,baltasar03@example.net,151010919,Barcelona,Chile
567,Juan Antonio del Pardo,maria-teresa97@example.org,419404771,Cáceres,Portugal
568,Marcia Aramburu Gutierrez,cristinasolano@example.com,409028090,Zaragoza,Marruecos
569,Julio Madrigal Solana,angelica08@example.com,762888567,Navarra,Egipto
570,Lucio Murcia-Montero,yferrandiz@example.net,715314433,Castellón,Armenia
571,Leocadia Fuentes Larrea,amparo93@example.com,117509540,La Coruña,Tailandia
572,Ariel Almazán,diego53@example.org,751072689,Madrid,Turquía
573,Custodio Sáenz Rocha,serramacario@example.org,60736053,Cantabria,Zambia
574,Segismundo Castejón Espinosa,luis76@example.org,768070238,Las Palmas,Bahrein
575,Evelia Cózar Galiano,remigiorincon@example.net,244295544,Cádiz,España
576,Viviana Milla Velázquez,teresa05@example.com,893713283,Ceuta,República de Corea
577,Vera Roldan Alsina,carlitosevilla@example.org,250198521,Málaga,República Unida de Tanzanía
578,Leopoldo Anaya Adadia,gaspargabaldon@example.org,520534013,Ciudad,Argelia
579,Isa Juliá-Amor,kdonoso@example.org,478954777,Valladolid,Tailandia
580,Casandra Mercader Sanjuan,elorzaaureliano@example.org,889131643,Granada,India
581,Loreto Leal Acevedo,cloevillanueva@example.com,450581957,Soria,Brunei Darussalam
582,Carmina Ríos Checa,bgrau@example.net,144979633,Palencia,Senegal
583,Claudio Folch Duque,noemi33@example.org,826903815,Almería,Camerún
584,Iris Rivas-Comas,nnicolau@example.net,263764452,Zamora,Mónaco
585,Eleuterio de Iborra,odalyssierra@example.net,465658223,Cantabria,Singapur
586,Severino Agustí Ros,angelfelicidad@example.net,33064878,Ourense,Myanmar
587,Hernán Mena Rodríguez,pquintero@example.net,487367292,León,Francia
588,Calista de Uriarte,siriarte@example.org,243667039,Las Palmas,Sri Lanka
589,Zaida Pazos Medina,saezhector@example.com,931520285,Jaén,Honduras
590,Narciso Salas Orozco,smascaro@example.com,574884626,Salamanca,Arabia Saudita
591,Adelina Acevedo Cortina,americo39@example.net,378113715,Salamanca,Uganda
592,Ascensión Pelayo Valenzuela,pozorosa@example.net,251136032,Guadalajara,Panamá
593,Petrona Domínguez,olgahernandez@example.com,865629036,Jaén,Somalia
594,Nicolás Cuervo Moya,carbofortunato@example.org,487065591,Málaga,Vanuatu
595,Adelina Porras Durán,ramonjuan-pablo@example.org,98005860,Asturias,Bélgica
596,Daniel Salcedo,sevillanoberta@example.com,925123642,Almería,Costa Rica
597,Sandalio Flor Goñi,hvega@example.net,145335259,Granada,Mónaco
598,Ale Aguilera López,trilloagustina@example.com,927216995,Zamora,Ghana
599,Begoña de Julián,xcarretero@example.com,353001796,Madrid,Hungría
600,Geraldo Montoya Pina,obilbao@example.com,13528975,Albacete,Albania
601,José Fidela Juan Solana,amaro76@example.com,243803,Vizcaya,Argentina
602,Jose Ignacio Lumbreras,jcasal@example.org,461874741,Valencia,República Unida de Tanzanía
603,Celestino Echevarría Benito,ojedadiana@example.net,53220823,Segovia,Belice
604,Blas Robledo Valle,npelaez@example.org,337532301,Cáceres,Djibouti
605,Ester Villaverde,grosado@example.org,98131392,Guipúzcoa,Federación de Rusia
606,Benjamín del Saura,jsedano@example.com,87107100,Ávila,Burkina Faso
607,Dulce Roberta Mateu Escamilla,ana-belenpont@example.org,819263324,Teruel,Jordania
608,Clara Teodora Morell Bou,cristianlobo@example.net,197663396,Segovia,Santa Lucía
609,Dora Ramírez Hernandez,che85@example.org,769319921,Alicante,Eritrea
610,Custodio Aller Arribas,quintanajose-manuel@example.org,989387163,Cáceres,El Salvador
611,Nerea Zaragoza Requena,uelias@example.net,655785175,Vizcaya,España
612,Fabricio Gastón Alcántara Alsina,cristianjove@example.com,687060764,Córdoba,Armenia
613,Macarena Flores Guijarro,jplana@example.com,647464663,Palencia,Sudáfrica
614,Ariel Bárcena Calvet,ildefonso60@example.org,824648369,Álava,Iraq
615,Eulalia Font-Jódar,fidelbenitez@example.com,717900330,Madrid,Federación de Rusia
616,Marina Gárate Valbuena,boadaluz@example.com,584174430,Zamora,Islas Salomón
617,Angelino Dionisio Merino Godoy,carpioramon@example.com,544094010,Soria,Guinea
618,Candelas Mancebo-Andrade,teodorosalgado@example.com,719375582,Albacete,Sierra Leona
619,Rocío Sedano,wilfredoflores@example.net,193857443,León,Chipre
620,Narcisa del Cobo,isaavedra@example.org,349636282,Pontevedra,San Marino
621,Eli Solana Peiró,marcosalcides@example.net,20935415,Madrid,Azerbaiyán
622,Chema del Araujo,grandeisaias@example.com,91238162,Vizcaya,Kuwait
623,Vito Gámez Escalona,gcanellas@example.org,962074492,Jaén,Nauru
624,Nydia Poza Cadenas,felicidadclemente@example.net,284991734,Badajoz,Indonesia
625,Teodosio Sobrino Carbó,bbustamante@example.com,434868303,Cáceres,Finlandia
626,Maricela Cid-Vega,espejobienvenida@example.com,249966884,Alicante,Suecia
627,Aroa Falcó Quevedo,patinojuan-pablo@example.com,561526098,Cádiz,República Checa
628,Vidal Santiago Esteban Cerdán,yroman@example.org,164119817,Barcelona,Bosnia y Herzegovina
629,Macario Busquets-Rivero,gaguilo@example.net,294182198,Vizcaya,Suecia
630,Rufino Polo Teruel,soniamoran@example.net,877472781,Cuenca,Zambia
631,Rafaela Blanes Almazán,rierabelen@example.com,513407368,Baleares,Islas Salomón
632,Pablo Bejarano Valentín,ramosvictor@example.net,535649354,Guadalajara,Benin
633,Rebeca Suarez Alcalde,bustosjuan-francisco@example.net,839264259,Segovia,Perú
634,Obdulia Alemán Pareja,mmontalban@example.com,794082197,Huelva,Mali
635,Teodosio Benito Sancho Vilar,ubarrera@example.net,422216212,Barcelona,Noruega
636,Fabiana Dávila,valentinrios@example.net,26686358,Murcia,República Checa
637,Malena Noguera Calatayud,colombernardita@example.com,940563305,Málaga,Senegal
638,Andrea Falcó Suarez,pepito83@example.net,85566232,Baleares,Uruguay
639,Gisela Montes Quiroga,vallejojavi@example.com,864504157,Huelva,Niger
640,Alcides del Mateo,vallesnoa@example.org,749311808,Huesca,Mónaco
641,Florentina Anna Lerma Segura,camilocastejon@example.org,171949501,Zaragoza,Países Bajos
642,Carmelita Galiano Alegre,rosa-maria08@example.org,434717010,Zaragoza,Nicaragua
643,Priscila Toro-Tenorio,ximena63@example.net,755359553,Castellón,Jamaica
644,Jose Ramón Moraleda Farré,gasconbienvenida@example.org,766819246,Baleares,Nigeria
645,Maximiliano Pinilla-Barrena,canteroalejandro@example.com,701347324,Baleares,Chad
646,Cristian Chaparro Barragán,abaro@example.org,28654196,Valladolid,República Dominicana
647,Valero Hervia Barral,ebermejo@example.net,816750210,Granada,San Vicente y las Granadinas
648,Maricruz Lastra,costanatividad@example.net,365033482,Cuenca,Paraguay
649,Alma Segovia Vidal,coralfont@example.com,239746373,Santa Cruz de Tenerife,Nicaragua
650,Modesta Maestre Vara,aristides59@example.net,620441453,Albacete,Ucrania
651,Luz Tania Verdú Puerta,hipolitovallejo@example.com,675280231,Córdoba,Iraq
652,Buenaventura Melero Alcalá,ceferinoarana@example.org,874174910,Ciudad,República Federal Democrática de Nepal
653,Nazario Dalmau Valbuena,pintorantonia@example.com,206806221,Santa Cruz de Tenerife,Suecia
654,Florencia Rebollo Leal,bayoaurea@example.org,52367430,Valladolid,Costa Rica
655,Anselma Fernández Aguado,petrona76@example.net,661580081,Ceuta,Jamaica
656,Lidia del Calleja,francisco-javiermascaro@example.org,772256417,Burgos,República de Moldova
657,Jose Miguel Aguiló Manrique,conrado23@example.com,638112397,Valencia,Irlanda
658,Lino Martí,jordi06@example.com,929454150,Lleida,República de Macedonia del Norte
659,María Carmen de Castellanos,pepitomilla@example.org,957715001,Guipúzcoa,Islas Marshall
660,Martín Cortés Riba,verduarmida@example.com,806825575,Santa Cruz de Tenerife,Eslovenia
661,Albano Alberto Sancho,calfortunata@example.net,619215155,Albacete,Ucrania
662,Apolinar Puig Pazos,benjaminsales@example.com,666443264,Baleares,Nueva Zelandia
663,Loreto Roma Bru,duenasmaite@example.org,686986608,Pontevedra,Belarús
664,Victorino Valdés Losada,rnogues@example.org,933001631,Tarragona,Suecia
665,Ibán Amigó-Campos,calista05@example.org,767370014,Guipúzcoa,Bosnia y Herzegovina
666,Fabiola del Caro,virgiliobaeza@example.net,340750406,Palencia,Bangladesh
667,María Carmen Carpio Feliu,juan-josetamayo@example.net,60534464,Alicante,Guinea Bissau
668,Jose Antonio Infante,zaida67@example.net,343310831,Almería,Kenya
669,Dulce Moles Poza,america83@example.net,766094074,Huesca,Egipto
670,Ruperta Lorenza Casals Alonso,amancio59@example.org,136618703,Sevilla,Palau
671,Bárbara Benito Casanovas,vaqueroreyna@example.net,38692638,Granada,República Democrática del Congo
672,Wálter Fábregas Nogueira,saraneira@example.net,638598677,Soria,Singapur
673,Abel Seco Ramirez,candelario06@example.org,278739635,Girona,Emiratos Árabes Unidos
674,Victoriano Berenguer Alberola,ibenavente@example.com,884871535,Murcia,Palau
675,Julia del Salcedo,marcianocarpio@example.net,134956400,Murcia,Perú
676,José Luis Lozano Mayoral,emmaanton@example.org,591374035,Valencia,Chipre
677,Eleuterio Tolosa Crespi,carlitosaldana@example.org,299913261,Guipúzcoa,Cabo Verde
678,Palmira Ocaña Duran,suredacayetana@example.com,699469686,Girona,Sudán del Sur
679,Tiburcio Pla Guerrero,cruzmartirio@example.org,474591557,Navarra,Belice
680,Marco Baltasar Luna Gonzalez,espadaalexandra@example.net,286798311,Albacete,Azerbaiyán
681,Yaiza Echevarría Bayona,heliodorobayon@example.com,404588370,Ávila,Grecia
682,Onofre Villalonga Viana,vros@example.net,74686423,Cantabria,Ecuador
683,Francisco Javier de Trujillo,jorge53@example.com,143536827,Málaga,Senegal
684,Victoria Dorotea Raya Posada,ncarmona@example.org,139897235,Córdoba,Letonia
685,Juan Antonio Leon Duarte,penairma@example.org,379168029,Cantabria,Canadá
686,Begoña Puente Mesa,lorenza02@example.org,477368507,Teruel,Eslovaquia
687,Nazaret Alfaro Soriano,qbaro@example.net,859539789,Huelva,Mónaco
688,Édgar Coello-Gutierrez,mgodoy@example.org,557665481,Vizcaya,Guinea Ecuatorial
689,Carmelo Diez Isern,fontreynaldo@example.com,172946397,Valencia,San Marino
690,Porfirio Valentín Blanes Colomer,pablo45@example.org,861652009,La Rioja,Haití
691,Pascuala Bermejo-Beltran,hvendrell@example.net,602442598,Málaga,Rumania
692,Evelia Peral Campos,krodriguez@example.com,162787002,La Rioja,El Salvador
693,Amaro Anaya Osorio,regina62@example.net,622946749,Salamanca,Bélgica
694,Águeda Blanca Ribera Cárdenas,augusto91@example.com,714758066,Huesca,Sierra Leona
695,Encarnacion Mayoral Benavent,alamomaricruz@example.net,769188868,Las Palmas,República de Macedonia del Norte
696,Dafne Manu Alberola Sanabria,quesadasoraya@example.net,706428733,Córdoba,Costa Rica
697,Vicenta Cañizares Águila,felix63@example.net,219559730,Barcelona,Fiji
698,Ruth Frías Carlos,angelino52@example.net,505651839,León,Armenia
699,Azahara Mesa Elías,delia47@example.com,791938761,Murcia,Burkina Faso
700,Brígida Somoza-Pozo,lupita84@example.com,745959933,Huelva,Guinea Bissau
701,Maricela Nidia Sainz Zamora,celestina31@example.net,906859424,Zaragoza,Mali
702,Florencia Lastra Espada,solisagustin@example.com,56443865,Córdoba,Sri Lanka
703,Nicolás Ordóñez Alcaraz,guiomar17@example.org,153336383,Girona,Tailandia
704,Catalina Maldonado Machado,gala95@example.com,270746058,Toledo,Somalia
705,Leocadia Águila Gimeno,yespejo@example.org,2150903,Cádiz,República Popular Democrática de Corea
706,Reyna del Torrecilla,pabloriera@example.org,368351241,Murcia,Países Bajos
707,Íñigo Blanco-Ayllón,sebastian20@example.com,57968955,La Rioja,Malawi
708,Petrona Miralles Flores,ayusoaristides@example.net,341627972,Valencia,Rumania
709,Alexandra Anguita Ferreras,ramonjose-miguel@example.net,709564571,Burgos,Papua Nueva Guinea
710,Abraham Dalmau Antúnez,fabio86@example.com,633033438,Ciudad,Papua Nueva Guinea
711,Esteban Valerio Villalonga Sanjuan,bertagonzalez@example.net,55903944,Santa Cruz de Tenerife,Italia
712,Amancio Pinedo Viana,macariopuerta@example.com,327260188,Salamanca,Myanmar
713,Tere Alegria Lara,puertavioleta@example.net,107606894,Barcelona,Samoa
714,Gonzalo Novoa Clavero,wvara@example.org,323142650,Granada,Mongolia
715,Marcio Josué Vilar Navarrete,sbarrio@example.com,922122909,Asturias,Yemen
716,María Ángeles de Román,gfrutos@example.com,806278853,Cantabria,Antigua y Barbuda
717,Anastasio Malo,harcos@example.org,590853295,Ávila,Japón
718,Ciro Castro Silva,virgiliogranados@example.net,17648969,Granada,Bangladesh
719,Mónica Salgado Vall,victorjimenez@example.net,703980665,Navarra,Mauritania
720,Jonatan Vidal Oliveras,maciaspiedad@example.com,90047396,La Rioja,Emiratos Árabes Unidos
721,Camila Arellano Pombo,eelorza@example.com,174984221,Ávila,Túnez
722,Ileana Requena-Marqués,rosaliagual@example.org,406756336,Salamanca,Sudán del Sur
723,Demetrio Gargallo Belda,lidia80@example.net,80885433,Melilla,Mozambique
724,Estrella Hidalgo Rosado,rinconetelvina@example.org,179733093,Guipúzcoa,Etiopía
725,Marcial Beltrán Franch,ftome@example.org,59631246,Santa Cruz de Tenerife,Tuvalu
726,Agapito Cal Aguilera,castillosoledad@example.com,26839064,Vizcaya,Uganda
727,Darío del Pascual,jordanvicenta@example.net,257951168,Ourense,Honduras
728,Eloy Mayo Llamas,pereraeugenia@example.net,362931753,Córdoba,Paraguay
729,Santiago de Sotelo,luisbenavent@example.net,96344551,Toledo,República Democrática del Congo
730,Diana Aguado-Armas,olucena@example.com,982327726,Granada,Rwanda
731,Armida Nieto Egea,lalmeida@example.net,946140637,Barcelona,Timor-Leste
732,Eligio Domingo Ángel,castillafabiola@example.org,536332038,Granada,Belarús
733,Samu Lorenzo Agustí,coronadotadeo@example.com,906614424,Santa Cruz de Tenerife,Marruecos
734,Eusebio Bautista Castilla,josueposada@example.org,776519207,Zaragoza,Australia
735,Elpidio Uribe Lucas,fitocarretero@example.org,200879430,Badajoz,Vanuatu
736,Ruy Rocamora Márquez,miguela08@example.net,722099673,Soria,República Checa
737,Silvestre Morata,kibanez@example.com,729404705,Barcelona,República Popular Democrática de Corea
738,Miguel Silvio Herrero Alemán,ribasraquel@example.com,878670432,Burgos,Mozambique
739,Soraya Iglesias Taboada,miguel-angel99@example.com,776106345,Castellón,Santa Lucía
740,Humberto del Galindo,cordobasabas@example.com,714715519,Cádiz,Kenya
741,Agapito Pedrero Juliá,aguilasusana@example.com,795141491,Soria,República Federal Democrática de Nepal
742,Florinda Cámara Solera,barriosruben@example.net,262706062,Álava,Camerún
743,Javiera Vergara Huerta,izabaleta@example.net,795488492,Salamanca,Noruega
744,Noemí Amaya Vila,graciabayo@example.net,445293755,Zaragoza,Georgia
745,María Ávila Olmedo,olga34@example.com,946264944,Tarragona,Afganistán
746,Darío Rueda Prats,wrosa@example.com,344459636,Castellón,Togo
747,Rosalva del Riera,casemiroarnau@example.net,121494334,Madrid,Senegal
748,Delia Tormo Otero,wllopis@example.org,702410974,Pontevedra,Líbano
749,Jose Francisco Boix-Ortiz,saldanaarsenio@example.net,94202064,Barcelona,Suecia
750,Leonardo Perera-Laguna,gpacheco@example.net,325685246,Teruel,Niger
751,Clementina Olmedo Somoza,modestallabres@example.org,142285309,Huelva,Granada
752,Jesusa Alonso Cadenas,atienzarodolfo@example.org,695228927,Burgos,Bahamas
753,María Agapito Armengol Exposito,jose-ramongalindo@example.net,47104401,Guadalajara,Haití
754,Crescencia Elorza Malo,leonjose-mari@example.net,168059234,Huesca,Benin
755,Leticia Blanch Chaparro,calzadamarciano@example.net,498279942,Jaén,Belarús
756,Jeremías Pereira Rovira,glaucobarreda@example.com,508840315,Navarra,Suriname
757,Evangelina Piñol Camacho,jose-antoniocarro@example.net,359916903,Pontevedra,Swazilandia
758,Lucho Ródenas,flaviocabo@example.com,490175095,Las Palmas,Irlanda
759,Pelayo Santamaria Bernal,figuerolapancho@example.com,195202399,Melilla,Finlandia
760,Jose Angel Goñi Miranda,ncanals@example.net,650128018,Teruel,Países Bajos
761,Vidal Solís Losa,lramis@example.com,563087296,Alicante,Kenya
762,Luis Miguel Pintor Sáenz,luis-angelcanals@example.net,863713031,Cáceres,Azerbaiyán
763,Joaquín Wilfredo Valero Iniesta,jennyacuna@example.com,111911710,Teruel,Venezuela
764,Santos Jove Ramos,pastorcarreras@example.org,165377175,Las Palmas,Qatar
765,Yolanda de Azcona,roldaneugenia@example.net,525195462,Cádiz,Swazilandia
766,Edu Gutierrez-Huguet,lolivera@example.com,59495104,Segovia,Australia
767,Wilfredo Borrego Escamilla,psobrino@example.com,61581153,Guipúzcoa,Hungría
768,María Ángeles Gonzalez Soto,eorozco@example.com,617545278,Málaga,Gambia
769,Sosimo Bastida-Padilla,sjaen@example.net,328154914,Castellón,Israel
770,Roberta Jara-Bayón,estefaniaplanas@example.com,645359871,Las Palmas,Libia
771,Corona Moreno Álvarez,enoguera@example.net,698316894,Palencia,Egipto
772,Edmundo Martín Olivera Manjón,godofredollano@example.com,150291865,Álava,San Marino
773,Miguela Codina Rosselló,porraselisabet@example.com,170356840,Cáceres,Fiji
774,Gonzalo Hoyos Guitart,hgutierrez@example.org,682502145,Ceuta,Saint Kitts y Nevis
775,Beatriz Hernandez Ramirez,camilo00@example.com,443928978,Tarragona,Eritrea
776,Artemio Carrillo Quesada,zaidafuentes@example.org,766436566,Baleares,Bahamas
777,Ricardo Aguilar Cardona,fidelaagullo@example.org,497923064,Girona,México
778,Timoteo Valera,ofelia04@example.net,313242744,Zamora,Kirguistán
779,Luisa Calderon Anglada,phernando@example.com,678179828,Salamanca,Zimbabwe
780,Mohamed Benet,armasmarisa@example.org,394232659,León,Croacia
781,Angélica Serra Villanueva,ocarmona@example.org,514193145,Valencia,Serbia
782,Corona Piña Acosta,juanitorios@example.net,163849274,Ciudad,República de Corea
783,Moreno Duque Cañellas,cayetano91@example.org,308836470,Murcia,Burundi
784,Claudio Sáez López,marianoiglesias@example.com,698653079,Palencia,República Federal Democrática de Nepal
785,Amado Isaac Sancho Castillo,hbilbao@example.net,559935842,Alicante,Filipinas
786,Amelia Moraleda,juan-carloscolomer@example.net,181881500,Lleida,Guinea
787,Sebastián Amaro Aragón Barrena,eli31@example.com,99216183,Granada,Haití
788,Eutropio Bolaños Ibarra,amarovillalonga@example.com,898414682,Córdoba,Hungría
789,Martin Silva,vescudero@example.org,8652843,Valencia,Mozambique
790,Vidal Goñi Agullo,candelasguijarro@example.com,997589602,Ciudad,Belice
791,Guiomar Ponce,fajardohector@example.com,584397310,Murcia,Bhután
792,Mónica Mascaró Comas,jeremiastudela@example.org,718024660,Almería,Zambia
793,Marcelo Iñiguez Estévez,pardocintia@example.net,171036259,Cantabria,Congo
794,Gema Giralt,hmayol@example.com,842034094,Guipúzcoa,Senegal
795,Yolanda Rubio Nicolás,canellasflorina@example.com,104833707,Girona,Zimbabwe
796,Vasco Prudencio Bautista Olmo,aitana32@example.net,142587065,Sevilla,Camerún
797,Elisa Gomez Bayo,erasmococa@example.net,974671478,Sevilla,Qatar
798,Gema Osorio Domingo,esteveesperanza@example.org,444184460,Melilla,Senegal
799,Inmaculada Garmendia Bartolomé,gisela06@example.com,979323760,Asturias,Guyana
800,Asdrubal Ramirez Prieto,dolores77@example.com,397339652,Lleida,Finlandia
801,Cipriano Peñas Fiol,iniguezrene@example.org,746119187,Málaga,Namibia
802,Buenaventura Cárdenas Ferreras,oterodavid@example.net,105379732,Albacete,República Popular Democrática de Corea
803,Roxana Royo Piquer,celia49@example.org,895104714,Pontevedra,Maldivas
804,Anna Sotelo Pellicer,rborrego@example.com,758193587,Soria,Tayikistán
805,Delfina Correa Paniagua,gonzaloeva-maria@example.com,763994574,Navarra,Costa Rica
806,Maricruz Carreras Solís,olivia99@example.net,522609461,Murcia,República Federal Democrática de Nepal
807,Gabriel Varela-Gabaldón,delfina61@example.com,395968526,Tarragona,República Unida de Tanzanía
808,Rodolfo Acedo-Santana,bpiquer@example.net,860561548,Ourense,Angola
809,Rodolfo de Amores,godofredo36@example.com,173382198,Cantabria,Suecia
810,Glauco Fábregas Rivero,xmata@example.com,538207431,Cádiz,Fiji
811,Cristian Manrique,fpiquer@example.org,746990989,Girona,Georgia
812,Cándido Pozuelo Macías,vizcainovictor@example.net,838921322,Murcia,Ecuador
813,Paz Amigó Feliu,zferrera@example.com,821228136,Cáceres,Perú
814,Pancho Guillen Goicoechea,ayusopaulino@example.net,815008827,Sevilla,Malta
815,Marisela Albero Ariza,pinedaherminia@example.org,908222200,Baleares,Kirguistán
816,Severiano Atilio Arnal Cuervo,porfiriozaragoza@example.com,102403865,Tarragona,Singapur
817,Hilda Saturnina Hierro Gimeno,wilfredoalvaro@example.org,8433418,Baleares,Brunei Darussalam
818,Calista Amores Diez,eliana80@example.com,778855084,Vizcaya,Saint Kitts y Nevis
819,Amalia Rincón,irosa@example.net,746195467,Álava,Haití
820,Jose Luis Aliaga Calleja,soraya58@example.org,663860009,Palencia,Venezuela
821,Maximiano Fernando Tomé Puga,marmolalberto@example.net,557174600,Badajoz,Guyana
822,Melania Blanca,telmo32@example.net,664831799,Guadalajara,Angola
823,Joaquín Hierro Martínez,vlumbreras@example.net,63346201,Navarra,Maldivas
824,Urbano Rovira Amador,garridojose-angel@example.com,647941428,Córdoba,Estonia
825,Carina Francisco Arco,eligia24@example.com,414656125,Melilla,República Dominicana
826,Jesusa Gala Antón Jove,ambrosioiborra@example.com,864190235,Córdoba,Bahamas
827,Josep Asenjo Alsina,manolamartin@example.com,730817890,Pontevedra,Australia
828,Leandra Tenorio-Cardona,noelia07@example.org,859706271,Zamora,Alemania
829,Darío Ordóñez Garcés,pili75@example.com,368242723,Badajoz,República de Macedonia del Norte
830,Carmelita Rosa Mascaró,riotrinidad@example.net,918020458,Palencia,Colombia
831,Cándida Seco Alemany,che58@example.net,507272454,Cáceres,Uganda
832,Visitación Gomis Sastre,lupelumbreras@example.net,660856082,Santa Cruz de Tenerife,Camboya
833,David Domínguez Farré,eli64@example.com,741548944,Toledo,Georgia
834,Graciana Arcos,vuriarte@example.net,176582853,Toledo,Islas Marshall
835,Nazario Alemany-Osuna,valderramacipriano@example.net,102785980,Ourense,Timor-Leste
836,Martirio Bosch,evajover@example.net,781877528,Jaén,Cabo Verde
837,Selena Peinado Barral,viviana88@example.org,842410338,Navarra,Cuba
838,Araceli de Ayuso,abrahamribes@example.org,415911960,Salamanca,Chipre
839,Paulino Olmedo Álamo,irenemurillo@example.net,452462052,Murcia,Nicaragua
840,María José del Alberto,alejandra31@example.org,366501493,Lleida,Turquía
841,Hugo Barranco Cabezas,escalonajoaquina@example.com,967274578,Tarragona,Namibia
842,Oriana Company,erichervia@example.com,45895252,Lugo,Chile
843,Ulises Silva Jimenez,abigail67@example.org,599061392,Ávila,Malta
844,Carlota Aguado,valladelaida@example.org,986993417,Barcelona,Fiji
845,Cintia Mena Domínguez,omanso@example.net,248871584,Melilla,Malta
846,Albert Olivera-Pi,amaliamanzanares@example.net,603808681,Navarra,Etiopía
847,Dionisia Mateos Mateo,ricartnazario@example.com,239471512,Sevilla,Indonesia
848,Ignacio Gracia Exposito,wquiros@example.net,329364732,Valladolid,Hungría
849,Joaquín Jiménez Carnero,emiliano02@example.org,157088301,Huesca,Túnez
850,Sofía Amigó Llobet,petrona81@example.org,587917103,Lugo,Saint Kitts y Nevis
851,Chus Contreras Bueno,anamateu@example.net,270828734,Albacete,Georgia
852,Victorino Vara-Barrera,amalia22@example.net,113516953,Pontevedra,Lituania
853,Feliciano Calixto Riba Company,roldan92@example.net,924207708,Soria,Serbia
854,Alex Paredes,eulaliavalentin@example.org,366574821,Zamora,Brasil
855,Socorro Segovia Serna,andres-felipefabra@example.com,377181865,Alicante,Iraq
856,Miguela Vilaplana Espejo,baldomeromorata@example.com,995207980,Cádiz,Sudán del Sur
857,Maura Rincón-Simó,jose-carlosquesada@example.com,607279256,Ávila,Panamá
858,María Ángeles Begoña Pozo Fabra,leocadioolmedo@example.net,15172980,Santa Cruz de Tenerife,Bahrein
859,Loreto Padilla Cid,sanzclemente@example.net,314067058,Ciudad,Malawi
860,Aroa María Ángeles Torrijos Carrillo,mateuascension@example.org,496491735,Cuenca,Túnez
861,María Pilar Jimena Casado Cordero,marcelaoliva@example.com,708659389,Valladolid,Argelia
862,Heliodoro Vizcaíno Montes,lucia55@example.net,154323665,Castellón,Bhután
863,Abel Pablo Vélez,leocadiaalcantara@example.net,40077650,Navarra,Emiratos Árabes Unidos
864,Consuela de Alvarez,oariza@example.org,951289161,Cuenca,Georgia
865,Macario del Amores,cleiva@example.org,753781573,Huelva,Togo
866,Amancio de Cantero,tharo@example.org,940959633,La Coruña,Chad
867,Julie Bernal,jose-antoniorosello@example.com,423116073,Granada,Colombia
868,Carmelita Botella-Barco,fernandezjosep@example.org,867478820,Ávila,República Dominicana
869,Ildefonso del Ávila,tjover@example.net,505418575,Jaén,Tailandia
870,Jordán Mateos Padilla,hluz@example.org,674969172,Pontevedra,República Centroafricana
871,Tomás Eutimio Campos Tomas,amancio39@example.com,230412192,Girona,Swazilandia
872,Lupita del Llano,benaventenorberto@example.com,125379753,Burgos,Grecia
873,Zoraida Paz,agustiignacio@example.com,230330776,Segovia,Nigeria
874,Bruno Adrián Goicoechea Espinosa,jose-marirodriguez@example.com,421647008,Guadalajara,Noruega
875,María Carmen Nicolás Llorente,brunoayllon@example.net,43051872,Tarragona,Letonia
876,Primitiva Conesa Pintor,vmaldonado@example.net,323948281,Girona,Papua Nueva Guinea
877,Miguel Martin Bravo,simon99@example.com,651426548,Cáceres,Suiza
878,Purificación Cáceres Elías,nerea59@example.org,78596959,Granada,Ucrania
879,Brígida Villalba-Becerra,deborahervia@example.org,835929155,Burgos,Zimbabwe
880,Susana Torrijos Castañeda,hfranco@example.net,428984774,León,Irán
881,Marino Hoyos Cabrera,ariel34@example.org,524655479,Barcelona,Afganistán
882,Haroldo Daniel Mur Castell,haroldo28@example.com,881144099,Salamanca,Kenya
883,Juan Luis Pou Heras,seguiconstanza@example.com,160835153,Zamora,Libia
884,Eliana Calzada España,enriquelerma@example.com,73737853,Ourense,Zambia
885,Bárbara Bernarda Leal Lago,tsarabia@example.net,591323949,Segovia,Islandia
886,Seve Pardo Yáñez,quirinomarquez@example.net,287830777,Baleares,Grecia
887,Paca del Tirado,vivianacabezas@example.com,747947203,Segovia,Omán
888,Joaquín de Múñiz,albinoespejo@example.org,261117723,Teruel,Venezuela
889,Sandra Ribas Baró,esperanzasastre@example.com,973463771,Almería,Bhután
890,Victor Manuel del Diego,lupeparedes@example.org,973415382,La Rioja,Rwanda
891,Valero Taboada Hidalgo,teclagibert@example.org,679842398,Badajoz,Turquía
892,Beatriz Falcón,yaizafont@example.org,687869615,Las Palmas,Arabia Saudita
893,Elvira Boix Borja,padillaangel@example.net,792223896,Soria,Seychelles
894,Hector Landa Torres,quintanabasilio@example.com,165644461,Zaragoza,Madagascar
895,Tiburcio Ferreras Palacio,julio-cesar44@example.com,714854805,Vizcaya,Reino Unido de Gran Bretaña e Irlanda del Norte
896,Rosalinda Carnero Salcedo,georginaparra@example.org,446523185,Huesca,Vietman
897,Édgar Rodriguez Larrea,osantos@example.org,823864903,Burgos,Sri Lanka
898,Eugenio Peiró Villegas,zcozar@example.net,603759499,Melilla,Azerbaiyán
899,Ernesto Fuente Becerra,rubenpi@example.net,873374941,Córdoba,Portugal
900,Eligio Salom Ariño,uribeadelina@example.com,665379993,Cuenca,Togo
901,Rebeca Cecilia Millán Arana,blazquezteofilo@example.net,509433868,Madrid,Sudáfrica
902,Sofía Rosalva Millán Pons,wverdu@example.org,238017821,Teruel,Guinea Bissau
903,Judith del Padilla,upozo@example.net,892105533,Zaragoza,Malasia
904,Chelo Manuela Prado Rojas,paulinosalvador@example.com,723972843,La Coruña,San Marino
905,Dafne Fortuny Alegria,valentinacampillo@example.net,308272918,Ourense,República de Moldova
906,Eloy Ferrera Díez,ascensionsuarez@example.net,831425473,Burgos,Burundi
907,Elodia Vilar Álamo,ceferino61@example.org,279477306,Guipúzcoa,Kiribati
908,Daniela Pulido Flor,calixtairiarte@example.net,61508007,Cáceres,Arabia Saudita
909,Anunciación Campillo Gisbert,aristidescarnero@example.org,249138820,Murcia,Togo
910,Maribel Gomila Barceló,tonialvarado@example.net,324275020,Albacete,Islandia
911,Candela Almansa Armengol,ubarragan@example.com,113696505,Valladolid,Namibia
912,Vera Paz Jiménez,elodiamoya@example.com,899001306,Jaén,Mali
913,Florinda de Almagro,lucho24@example.org,547778054,Palencia,República Checa
914,Fernanda Alcázar Colomer,fortunyisidro@example.com,255222665,Toledo,Papua Nueva Guinea
915,Petrona Garay Ordóñez,xgalan@example.net,785086771,Badajoz,Finlandia
916,Alondra Pozo Durán,jnavarro@example.org,866856433,La Coruña,Dinamarca
917,Salomón Varela Pombo,smartin@example.com,479999203,Huesca,Liberia
918,Iván Juliá Blanch,perezmalena@example.net,745400446,Granada,Kuwait
919,Maxi Galván Fajardo,rouralara@example.com,182868837,Huesca,Burundi
920,Armando Domingo Bonet,emiliofalco@example.org,475292180,Córdoba,Niger
921,Evelia del Peral,eva31@example.org,859175392,Madrid,Serbia
922,Gerardo Blasco Cerdán,atiliocabezas@example.com,316335621,La Rioja,Uzbekistán
923,Eligio Tapia Valbuena,sofiarocamora@example.com,579200921,Alicante,Kuwait
924,Ema Arregui Reyes,carlotaalcantara@example.net,343297995,Girona,Federación de Rusia
925,José Mari Navarrete Baena,marinochus@example.com,944904843,Cuenca,Kiribati
926,Rufina Urrutia Badía,aurora09@example.org,190290635,Barcelona,Turquía
927,Julieta Alcalde Espejo,sevillanidia@example.org,74743889,Santa Cruz de Tenerife,Micronesia
928,Casandra Isern-Pedro,corralmacarena@example.net,269309350,Cáceres,China
929,Florina Uribe Leiva,lupitavera@example.com,969014416,Valencia,Camerún
930,Melisa Fortuny Frutos,paulina59@example.net,315484536,Lleida,Belarús
931,Victor Manuel Lladó Meléndez,azucena42@example.org,718939338,Murcia,Andorra
932,Luciana Cortina,elodiamanrique@example.org,888206914,Cuenca,Letonia
933,Xiomara Ibáñez Ángel,nvalenzuela@example.net,233162830,Teruel,Santo Tomé y Príncipe
934,José Manuel Rodrigo Iglesia Iriarte,maximomate@example.com,67245460,Alicante,Chile
935,Socorro Miranda Pardo,macarioserrano@example.org,619965015,Soria,Nigeria
936,Ileana Carbonell Asenjo,elisasierra@example.net,936412911,Ourense,Bélgica
937,Socorro Rivero,maria07@example.org,385943937,Salamanca,Côte d'Ivoire
938,Hortensia del Tomás,rvillena@example.org,354032194,Tarragona,Dinamarca
939,Nadia Lopez Meléndez,leyreroca@example.net,470680117,Albacete,Tayikistán
940,Hernán Riba Bermúdez,buenaventura52@example.com,317388859,Álava,Ecuador
941,Alma Escobar Vallejo,bpiquer@example.com,459999023,Málaga,Rwanda
942,Inocencio Pedrosa Luís,eusebia01@example.org,489000094,Huesca,Bulgaria
943,Blanca Criado Aguilera,vilaplanabuenaventura@example.org,373646985,Ceuta,Djibouti
944,Xavier Canet Torrens,jose-angel94@example.net,26198206,Baleares,Senegal
945,Leoncio de Bellido,vbautista@example.com,822044986,Sevilla,Liberia
946,Rocío de Pedrero,lvilla@example.com,414293786,Álava,Mónaco
947,Florencia Pereira Bauzà,rufina87@example.com,480010234,Girona,Montenegro
948,Marisol Gil Rey,lhigueras@example.org,738488240,Cuenca,México
949,Nazaret Arévalo Baena,etur@example.net,17729934,Valladolid,Bahrein
950,Jorge Contreras Galván,dlaguna@example.org,314618797,Álava,Honduras
951,Isaura Mariscal Rubio,escobarharoldo@example.org,890975858,Girona,Sudán del Sur
952,Alex Bello-Guitart,sandalio44@example.net,355632479,Ceuta,Polonia
953,Julie de Almagro,gracianavillena@example.org,801507498,Ávila,Iraq
954,Victor Tejada Benito,delfina09@example.net,86157298,Ávila,Paraguay
955,Herminia Adán Lozano,elena34@example.net,191740416,Valencia,Saint Kitts y Nevis
956,Silvia Gallego-Quesada,hporta@example.org,756653406,Guipúzcoa,Nueva Zelandia
957,Marianela Santiago Valderrama,lopelloret@example.org,931610500,León,Chipre
958,Tadeo Recio,carrofermin@example.net,129468374,Badajoz,Samoa
959,Mariano Losa Rebollo,pedrociro@example.com,774925103,Tarragona,Egipto
960,Susanita Estrella Sabater Abril,jordanariquelme@example.org,850431457,Guipúzcoa,Papua Nueva Guinea
961,Arsenio Barros López,torrijosalexandra@example.net,622182533,Córdoba,Perú
962,Toni Rodríguez Santiago,uriafrancisca@example.net,400681862,Las Palmas,Eritrea
963,Marta Fiol,fernandezalcides@example.org,194895367,Zamora,Marruecos
964,Segismundo Flores-Sandoval,eliseo85@example.org,755958278,Granada,Bélgica
965,Goyo Lucio Ródenas Crespi,regina95@example.org,189527658,Melilla,República de Moldova
966,Paulina Zabala Ricart,leocadio38@example.net,872949927,Ciudad,Pakistán
967,Ángel Frías Viana,mamenhernandez@example.net,120243587,Murcia,Swazilandia
968,Dorotea Almagro Seco,yjimenez@example.com,475884586,Pontevedra,Eslovaquia
969,Mariano Sanmiguel Flor,jvina@example.org,267662980,Alicante,Emiratos Árabes Unidos
970,Ariel García Téllez,elena65@example.org,1870818,La Rioja,Mauritania
971,Esteban Abril Sanz,inocenciotaboada@example.net,368701656,Navarra,Haití
972,Dorita Ricart Ramirez,humberto82@example.net,978562383,Girona,Australia
973,Goyo de Somoza,tatianafabra@example.com,907985724,Guipúzcoa,China
974,Bernardita del Sobrino,aherrera@example.net,354864171,Las Palmas,Guinea Bissau
975,Asunción Cisneros,barriosnereida@example.org,960973384,Cantabria,Bahamas
976,Leocadio Martí Soto,martiadolfo@example.net,264440497,Huesca,Kazajstán
977,Gervasio Gordillo Saez,arceolalla@example.org,908239794,Valladolid,Benin
978,Lupe de Sánchez,juan-luismarco@example.org,810069387,Cáceres,Suriname
979,Desiderio del Leiva,celestinacaparros@example.org,149703340,Ciudad,Congo
980,Isaías Vallejo Batalla,salvador60@example.net,227614982,Cantabria,Cuba
981,Gabriel Camilo Pozo Flores,zfolch@example.org,397508159,Navarra,Senegal
982,Irma Villaverde Barco,aaleman@example.com,803621238,Jaén,Afganistán
983,Casemiro Infante Estevez,regulo91@example.net,259351992,Soria,Gambia
984,Jose Manuel Muro Lladó,eduardo71@example.org,934734233,Girona,Zimbabwe
985,Clímaco Bernal,tudelaartemio@example.com,421359949,Valladolid,Sri Lanka
986,Matías Tormo Ramis,lmartin@example.net,550915359,Albacete,Yemen
987,Leticia Ureña Milla,fuentehilario@example.org,150104307,Jaén,Bélgica
988,Wilfredo Zabaleta Valera,gonijuan-bautista@example.org,125666549,Palencia,Comoras
989,Lupita Codina Rebollo,encarnacionanglada@example.net,514283976,Almería,Maldivas
990,Maximiano Agustín Palomares,arielcanizares@example.net,782590684,Madrid,San Marino
991,Maricela Solís Viñas,maciasmaria-teresa@example.net,642945204,Zamora,Paraguay
992,Isaura Verdejo Alba,rourabaltasar@example.com,386684656,Soria,Hungría
993,Piedad Lucas Pintor,wmurcia@example.org,129314776,Lleida,Gabón
994,Julieta Vaquero Castro,abel72@example.org,796716610,Guipúzcoa,Antigua y Barbuda
995,Serafina Rivero Dueñas,amada02@example.net,771610537,Castellón,República Árabe Siria
996,Iker del Nogueira,adalbertocarmona@example.net,209313351,Melilla,Sri Lanka
997,Victor Manuel Olivares Sancho,trinidad01@example.net,531641959,Cáceres,Afganistán
998,Teresita Iglesia Duarte,oscar47@example.net,454023558,Teruel,El Salvador
999,Felisa Macías Lerma,maestreemiliana@example.net,916561060,Toledo,San Marino
1000,Heraclio Mosquera Vendrell,dmendoza@example.com,336032381,Santa Cruz de Tenerife,Turquía
