id_lote,id_producto,fecha_producida,cantidad_producida,responsable
1,17,2022-09-05,2794,Judith Sabater Mendizábal
2,602,2025-05-28,334,Cosme Guardiola Herrero
3,128,2025-05-28,4447,Martin Pedraza Torralba
4,331,2024-03-09,3803,Paulina Valencia Cabrero
5,65,2023-06-28,3741,Esther Montes Salgado
6,701,2025-06-21,679,Edgardo del Mariño
7,522,2024-01-11,2020,Eustaquio Fajardo
8,152,2020-01-20,3439,Lázaro Pineda Benitez
9,716,2022-11-23,3871,Úrsula Felipa Raya Mesa
10,56,2022-06-29,4400,Rosa Boix-Alonso
11,258,2023-08-06,431,Tomás Estevez
12,334,2023-07-16,3521,Gerónimo Artigas Díaz
13,639,2025-06-23,4071,Eric Miranda Palma
14,138,2023-11-17,3483,Fabián Narváez Arenas
15,827,2023-06-06,3010,Luis Alsina Miranda
16,896,2024-01-27,4675,Benigno Ordóñez Araujo
17,113,2024-10-27,3156,Alejandra Cerdán-Casares
18,882,2025-01-06,2876,Verónica Cabo Rojas
19,514,2021-01-19,1735,Luis Miguel Luis Miguel Ocaña Girona
20,539,2024-06-28,623,Nazaret del Antón
21,240,2020-05-19,652,Augusto Gomis Blanch
22,773,2025-04-07,1324,Miguel Ángel Jara Guzmán
23,740,2021-05-16,3419,Íngrid Téllez Gimeno
24,790,2025-06-18,839,Benjamín José Adadia Frutos
25,306,2020-06-15,1496,Teresita Anglada-Viña
26,622,2025-05-27,3772,Filomena Ramos Hernandez
27,372,2020-04-18,3828,Angelino Ruiz Guardia
28,875,2022-04-09,149,Gala Larrañaga-Castañeda
29,937,2025-04-05,1172,Felicidad Bermudez Jara
30,353,2022-03-05,3877,Melisa Olivé-Palacio
31,920,2020-11-03,2706,Viviana Ibañez Calleja
32,423,2023-12-24,359,Teófila Lillo-Luz
33,91,2023-04-24,4398,Victor Manuel Mendizábal Terrón
34,894,2020-08-11,1307,Eugenia Figueroa Corbacho
35,218,2024-03-20,2665,Remedios de Saavedra
36,183,2025-01-02,3597,Pacífica Cantero Haro
37,94,2025-02-17,692,Marisela del Feijoo
38,815,2024-10-11,3738,Jose Miguel Mariano Reguera Ródenas
39,962,2020-04-07,191,Elvira Abad Julián
40,161,2024-03-09,4774,Prudencia Aguilera Moraleda
41,290,2020-09-19,4836,Silvestre Guzman Taboada
42,33,2024-01-26,2270,Gabino Cabo Reguera
43,162,2022-07-23,4627,Anita Galan Carro
44,633,2020-09-15,542,Tito Merino Ocaña
45,283,2021-01-01,2634,Soledad Sotelo Capdevila
46,577,2020-06-25,1917,Luciano Beltrán González
47,367,2024-07-24,3909,Cebrián Tovar Villanueva
48,683,2022-12-15,4313,Severino Niño Carpio
49,332,2024-10-27,1576,Pacífica Valentín Salcedo
50,32,2020-05-26,2535,Lorena del Canals
51,333,2024-09-12,2037,Charo de Valverde
52,677,2024-03-20,2542,Juan Llorente Pedro
53,113,2024-03-09,4179,Remedios Beltran Vega
54,482,2020-10-07,3926,Jose Ramón Arias Aller
55,520,2021-11-11,4428,Claudio Machado Díez
56,49,2024-07-28,2133,Estela de Bosch
57,368,2023-12-08,780,Nicolasa Soraya Rosado Rozas
58,476,2021-07-24,4304,Jesús Lladó-Ferrán
59,671,2023-08-08,457,Iker Ropero Lloret
60,731,2023-08-04,2742,Silvio Bayo Sandoval
61,42,2021-03-30,2667,Viviana Rodriguez Roda
62,110,2023-09-04,3785,Javier Solsona Sevilla
63,581,2025-05-19,3846,Susanita Colom Amador
64,447,2023-03-19,2026,Paulino Pereira Angulo
65,227,2022-05-28,2956,Reynaldo Vergara Tomé
66,267,2024-05-15,2387,Jose Rocamora Ruano
67,745,2024-09-01,2771,Máximo Arce
68,65,2020-04-10,4727,Ezequiel Cruz Bernal
69,973,2021-07-30,4887,Obdulia Botella Abascal
70,978,2021-12-24,4748,Abel Pellicer Serrano
71,568,2020-07-16,1199,Héctor Lluch Quevedo
72,230,2023-08-04,2671,Francisca Reyna Torralba Viña
73,463,2020-01-28,2562,Javier Vélez Gaya
74,769,2021-06-21,3386,Miguela Viana Flores
75,212,2023-10-24,436,Judith Royo Vilaplana
76,914,2021-11-14,926,Emiliano Tito Rosado Osuna
77,203,2023-06-17,4323,Rolando Palomares Álvarez
78,603,2023-08-14,923,Azahara Cuenca
79,297,2022-01-31,2949,Evangelina del Fabregat
80,285,2024-11-14,3664,Malena Nevado Perera
81,535,2020-03-05,2647,Jimena del Madrigal
82,52,2025-01-31,3010,Margarita de Molins
83,49,2024-09-28,4856,Elisa Echevarría Conde
84,177,2024-09-20,4003,Guillermo Cal Capdevila
85,407,2023-12-17,1186,Socorro Antón Rojas
86,109,2023-10-25,3647,Eliseo Hernando
87,197,2024-02-03,4286,Jesús Mariño Ibarra
88,325,2021-07-25,1164,Quirino Diez
89,823,2022-09-20,322,Paola Blanca Rius Cabañas
90,742,2024-07-29,1717,Noemí Quevedo-Roma
91,496,2025-05-06,3220,Emilio Molina Salmerón
92,374,2023-11-05,1322,Yaiza Garcia Rosell
93,629,2020-05-26,2253,Concepción Javiera Luz Machado
94,282,2022-09-03,776,Javier Lluch Morales
95,717,2022-03-03,3410,Juan Boada Bernad
96,397,2020-10-23,1505,Jordana Lobato Seguí
97,614,2021-08-18,3157,Lalo Raimundo Bustos Cortes
98,579,2020-09-26,4256,Prudencio Torrecilla Dávila
99,259,2020-11-13,4572,Che Herrero-Montserrat
100,311,2021-05-09,3957,Anselmo Montoya
101,309,2021-03-21,2650,Curro Dalmau Martin
102,120,2021-01-21,1811,Quique Izaguirre Julián
103,111,2022-06-15,4801,Abel Escolano Calderón
104,787,2023-05-13,3460,Ariel Codina
105,334,2022-07-05,100,Manu Lucho Giménez Roman
106,597,2024-03-23,1078,Adalberto Cobo Alberto
107,272,2021-02-27,2954,María José Torrents Sola
108,22,2024-03-25,881,Florencio Riba Cózar
109,86,2021-06-05,1390,Olivia Vera Leiva
110,948,2022-03-05,4504,Alba Coll Boix
111,274,2022-06-10,3389,Asdrubal Tomé Cózar
112,589,2022-03-08,3429,Vito del Cerezo
113,1,2024-02-09,977,Teófila Tamarit Ayllón
114,511,2022-04-20,703,Emilio Maldonado Domínguez
115,843,2021-06-03,3731,Victor Soler Agudo
116,787,2022-04-10,763,Salvador Vall Almagro
117,110,2020-11-11,4434,Ernesto Pascual Zabala Torrecilla
118,156,2025-02-19,4908,María Manuela Carreño-Talavera
119,115,2023-11-27,1357,Jorge Tamayo Estrada
120,49,2025-02-20,284,Raquel del España
121,914,2024-10-09,1350,Jordi Granados Aroca
122,970,2024-06-09,4624,Marciano Tormo-Moya
123,386,2023-06-02,779,Hugo Marco Calleja Torres
124,342,2021-03-23,378,Felicidad Osuna Piñeiro
125,769,2024-02-10,3882,Toni Téllez Plana
126,996,2024-06-01,3305,Adolfo Paniagua-Sandoval
127,66,2021-12-05,2073,Graciano de Daza
128,554,2022-04-27,1794,Manuelita Arnau Cruz
129,389,2024-03-12,1232,Porfirio Borrell Alcolea
130,769,2024-01-06,1935,Macaria Roldan Espinosa
131,438,2025-03-09,4236,Victor Bustos
132,866,2020-08-26,1887,Vidal Pagès-Berrocal
133,29,2021-07-23,3947,Pascual Rivas-Iglesias
134,526,2025-08-15,3539,Perlita Escobar
135,918,2025-04-17,2238,Amalia Pujol-Manuel
136,442,2021-12-29,2061,Dionisio Carbonell Lledó
137,832,2020-06-16,1420,Héctor Vega Araujo
138,962,2025-02-15,300,Margarita Ariza
139,299,2021-12-04,4393,Sarita del Torrents
140,982,2025-03-27,1715,Francisco Sabater-Barceló
141,502,2024-03-03,3137,Roldán Sánchez Naranjo
142,301,2020-01-04,1889,Atilio Manjón
143,143,2024-01-19,1346,Ale Bernad Álvaro
144,937,2024-10-14,3700,Néstor Abad Roldán
145,735,2021-03-29,1476,Silvia Zorrilla Lobato
146,648,2021-12-27,1550,Noé Vidal Iglesias
147,22,2020-07-24,3040,Berta Luz
148,682,2024-11-28,2970,Paloma Velázquez-Ríos
149,107,2023-09-12,1076,Rocío Gaya Fuertes
150,309,2025-03-05,3107,José Tejada Andreu
151,39,2021-04-01,2379,Constanza Sans-Castells
152,245,2022-10-19,1606,Germán Pont Román
153,32,2022-03-08,3255,León Manrique Pérez
154,467,2023-11-12,473,Asdrubal Hernando Sarabia
155,905,2023-12-04,3871,Nieves Franch
156,740,2021-11-01,812,Maximiliano Otero Pedrosa
157,983,2023-05-16,3846,Jonatan del Cardona
158,595,2020-03-07,2720,Abel Baró Viana
159,508,2022-06-15,2388,Guiomar Tur Folch
160,673,2023-05-02,3882,Nacho Riera Mercader
161,452,2020-02-04,4362,Jose Antonio Reig Álamo
162,723,2023-07-13,4890,Iker Codina Valencia
163,686,2024-10-21,268,Omar Iniesta Macias
164,576,2025-02-15,4709,Jose Antonio del Pascual
165,176,2021-01-18,2452,Tamara del Vila
166,241,2020-09-08,2819,Moreno Caballero Landa
167,26,2021-05-04,4741,Adela Villena Arce
168,539,2021-12-12,1611,Blas Manzanares Pineda
169,725,2025-04-23,3238,Rafa Murcia Naranjo
170,379,2025-03-06,2219,Fito Hernández-Escudero
171,504,2021-10-09,3894,Nerea Belda Sotelo
172,746,2021-10-26,3685,Encarnacion Pedrero Aller
173,920,2020-02-29,2312,Jesusa Amador Borrego
174,533,2024-03-09,4321,Dionisia Herrero-Granados
175,389,2020-08-08,3896,Benito Baró-Escobar
176,830,2025-01-22,4829,Iván de Cabello
177,328,2022-01-31,2403,Aníbal del Guillen
178,961,2021-09-01,3115,Manolo Méndez Amador
179,216,2021-03-19,4909,Lázaro Larrañaga Hidalgo
180,571,2022-03-09,3194,Sancho Calvo Camacho
181,936,2025-07-04,4050,Aitor Jaume Marqués
182,493,2020-10-05,4287,Ernesto del Cal
183,316,2023-02-18,2126,Angelita Corominas Lumbreras
184,517,2021-05-31,733,Ibán Santos Belda
185,801,2022-10-02,1470,Marcos Olivera-Riba
186,584,2023-10-28,2127,Gema Pallarès-Oliver
187,830,2022-04-08,2701,Graciano Carbó Mendez
188,994,2022-05-05,3255,Noelia Rojas Vizcaíno
189,167,2020-06-11,4038,Alba Baquero
190,157,2025-04-28,4240,Maxi Capdevila Barriga
191,752,2023-04-18,1643,Jenny Neira
192,141,2023-10-04,530,Nicolás Solé Peláez
193,495,2025-03-08,4326,Victoria Aragón Tejero
194,755,2020-08-21,667,Ascensión Hurtado Lago
195,500,2020-06-21,4185,Vicente Gallo Alemán
196,903,2025-04-05,735,Rosa Saavedra
197,594,2022-09-15,4484,Lidia Gras Goñi
198,759,2020-12-09,1675,María Macías Cañete
199,215,2023-06-21,4702,Zaida de Nevado
200,738,2024-02-27,722,Nereida Valencia
201,179,2022-08-23,4064,Bonifacio de Ramis
202,998,2022-09-29,3199,Adalberto Crespo Calzada
203,606,2025-08-09,4631,Roxana Uribe Castelló
204,345,2025-07-16,4568,Anabel del Alvarez
205,31,2023-04-02,1485,Ale Riquelme Lopez
206,929,2020-01-22,2616,Palmira Cabañas Mínguez
207,169,2021-05-09,3006,Tristán del Salamanca
208,411,2021-11-05,2795,Zaira Vazquez-Morales
209,849,2020-08-03,4213,Buenaventura del Gallo
210,24,2024-10-23,2003,Odalis Ibañez Carretero
211,811,2025-04-08,4357,Miguel Ángel Torrijos Moles
212,510,2021-05-26,4309,Marisol de Valls
213,84,2021-03-29,2715,Marciano de Ferrándiz
214,493,2021-10-09,613,Teófilo Madrid Narváez
215,85,2025-07-28,2552,Fidel Seve Armas Bellido
216,588,2023-02-02,2879,Ligia Terrón Almansa
217,909,2021-10-26,3502,Guillermo Guzman Armas
218,562,2023-03-20,283,Santiago Lucas Carreras
219,198,2020-06-01,1317,Manuela Marina Cerdá Murcia
220,666,2020-01-07,4547,Albano Santamaría Pera
221,545,2025-03-05,1051,Roxana Tejero
222,392,2021-04-29,1829,Bartolomé Uribe Iborra
223,258,2024-05-14,2466,Eleuterio del Expósito
224,563,2025-02-07,2256,Jimena Pi Pont
225,280,2021-10-05,788,Anita Beltran Dalmau
226,805,2022-05-15,2678,Emilia del Lladó
227,109,2023-07-20,3264,Danilo Tejera Mármol
228,891,2024-11-05,670,Nicodemo Abril
229,159,2024-09-05,225,Jonatan Benítez Álamo
230,974,2022-02-22,1864,Gloria Iborra Gárate
231,600,2023-05-05,4710,Ricardo Ordóñez Sarabia
232,737,2022-02-12,467,Gervasio Reyes Valero Sierra
233,702,2023-04-19,2412,Rodrigo Barberá Quesada
234,167,2020-10-06,2199,Raúl Cifuentes Perez
235,858,2021-04-04,664,Custodio Peinado Miralles
236,138,2023-06-13,2896,Camilo Barco-Cuéllar
237,52,2021-09-03,1596,Lorena de Pallarès
238,215,2024-05-27,400,Gerónimo Carrillo Aller
239,19,2024-07-08,3893,Valentín Márquez Morell
240,383,2023-09-02,455,María Del Carmen Beatriz Ribes Roca
241,816,2025-05-31,2692,Piedad Cabeza-Cervera
242,528,2022-12-01,3379,Coral Almazán Checa
243,681,2021-12-14,2533,Cecilia Marcos-Coello
244,755,2020-04-30,4431,Renata Uría Perelló
245,330,2022-03-08,2089,Gaspar de Andrés
246,261,2024-02-16,2452,Eusebio de Melero
247,352,2020-11-20,1089,Otilia Borja Perera
248,443,2022-03-27,2129,Dani de Sierra
249,402,2020-12-26,1909,Eugenia del Nieto
250,875,2025-01-13,311,Eusebio Villalobos Toledo
251,817,2020-12-01,2395,Dorotea Diez
252,427,2024-05-29,126,Marcio Pedro
253,910,2022-12-13,1678,Selena Giner-Parejo
254,720,2021-08-19,3389,Emiliano Millán Rojas
255,71,2025-08-12,3680,Inmaculada Noguera Pou
256,94,2021-05-03,3772,Georgina Diéguez Pol
257,764,2022-01-06,221,Dionisia Delgado Puga
258,353,2021-04-28,3114,Melchor Torrens
259,804,2023-09-15,606,Alex Plana Villaverde
260,441,2020-04-25,3909,Paulina Guzman
261,941,2024-07-02,2387,María Del Carmen Barrios Codina
262,380,2023-04-24,317,Aristides Maestre Cabezas
263,378,2025-06-09,2547,Edelmiro de Amat
264,769,2022-05-31,3896,Lupe Escobar Durán
265,986,2025-02-12,3782,Fanny Peñas Español
266,402,2022-06-03,3181,Salomé de Escalona
267,531,2022-10-07,4561,Valentina Blanch-Ayala
268,659,2024-06-23,2717,Aura Vilar Montserrat
269,608,2020-11-22,2361,Américo Estévez-Corral
270,509,2022-12-28,564,Paz Amo Solsona
271,159,2023-03-06,1304,Fabiana Mur Luján
272,951,2021-06-02,2351,Aníbal Román Sans
273,610,2023-03-03,2744,Ana Melero Alcalá
274,347,2023-04-17,3877,Milagros Aguado Pou
275,892,2023-08-06,4386,Felicidad Guardia Téllez
276,940,2021-09-09,632,Curro Portillo
277,104,2024-11-15,3482,Abilio Calzada Bas
278,162,2024-08-02,3705,Obdulia de Caparrós
279,782,2023-05-18,372,Noé de Fabregat
280,317,2022-04-20,545,José Manuel Maza
281,607,2020-08-02,2719,Dominga Ayllón Nicolás
282,781,2023-01-25,2779,Merche del Cabrera
283,171,2020-09-22,2510,Chema Cerdán Losa
284,832,2020-08-15,1788,Melisa Pina
285,629,2025-02-08,3725,Malena Maristela Cornejo Jáuregui
286,276,2020-03-23,3723,Félix de Nevado
287,394,2023-10-24,1582,Anna Coloma-Menendez
288,642,2020-01-19,346,Armando Villanueva
289,857,2021-01-09,3002,Josep Jaume Pinedo
290,180,2025-05-26,4819,Baltasar Corominas Barrera
291,536,2023-10-29,861,Bárbara Bru Barral
292,518,2020-08-01,3169,Albino Huguet Querol
293,389,2020-08-15,3245,Goyo Barral Jordá
294,616,2023-05-11,222,Ezequiel del Valdés
295,799,2024-01-16,2932,Rosalía Zorrilla
296,426,2020-05-02,364,Rosenda Acero Quirós
297,65,2024-04-07,3828,Florencio Tejada Lastra
298,689,2023-01-28,2931,Ibán Luz-Sabater
299,880,2022-12-21,2676,Nereida Merino Gisbert
300,612,2022-05-24,983,Marino Bermudez Abella
301,487,2022-07-16,1152,Lupita Vall Morán
302,771,2023-07-06,4671,Manola Peinado Vázquez
303,638,2022-02-23,4169,Edelmira Badía Medina
304,525,2024-05-09,169,Jose Luis Escamilla Perea
305,243,2023-06-19,1964,Moisés Ariel Mir Samper
306,231,2020-03-30,4790,Julián del Donoso
307,640,2022-09-08,1413,Yésica Vélez Macías
308,742,2020-03-27,3376,Herberto Boix Pacheco
309,128,2021-11-22,1644,Gema Roda Iriarte
310,839,2022-08-06,1189,Mirta Martí Yuste
311,206,2022-02-15,2377,Moreno Rocha Blanco
312,132,2025-03-19,3300,Liliana Morera Lucena
313,157,2022-01-27,4789,Julie del Hernando
314,451,2024-07-06,3694,Jovita Montesinos Echeverría
315,88,2021-09-02,1035,Montserrat Ileana Seguí Cifuentes
316,880,2022-10-19,4814,Trini Sotelo Vega
317,928,2025-07-30,3946,Vicente Rosselló Gimeno
318,96,2021-01-13,4260,Toribio Múgica Anguita
319,799,2021-01-01,1962,Baudelio Andrés-Cobo
320,997,2021-01-26,251,Domingo de Pallarès
321,922,2022-11-14,2379,Rufino Zabaleta Bonet
322,453,2023-12-17,4788,Raquel Carretero-Giménez
323,916,2023-09-02,3462,Nilo Montoya-Mayo
324,689,2021-02-10,2409,Amada Tomasa Cañete Hernández
325,570,2020-05-07,1180,Baudelio Anguita Huguet
326,818,2022-11-21,3308,Luisa Cardona Colomer
327,354,2022-07-16,4188,Santiago Lastra Blanco
328,278,2024-11-22,2466,Inmaculada Gallardo Arroyo
329,153,2023-09-25,469,Asdrubal Ferrando Porras
330,73,2023-06-28,1106,Fulgencio Larrañaga Córdoba
331,673,2024-09-24,2142,Gala Solsona-Ramón
332,418,2023-01-08,3215,Maura Torrens-Viña
333,29,2024-11-03,2721,Isabel Rodrigo Moya
334,344,2025-07-27,4332,Flavio del Cañizares
335,785,2020-01-17,481,Gabino Catalán
336,911,2022-12-10,3460,Mirta del Solera
337,642,2020-11-27,2043,Ale Paniagua Arnal
338,789,2022-01-28,3106,Jimena Estefanía Hervia Dávila
339,861,2022-10-12,4357,Vinicio Millán Bonilla
340,735,2025-05-16,2042,Flavia Diana Grande Perales
341,259,2025-07-13,3401,Claudio Manso Fortuny
342,193,2020-06-28,2700,Macaria Fanny Ramis Bastida
343,267,2024-04-03,1979,Isidora Mendez
344,673,2022-04-15,3934,Adolfo Mur Olivares
345,503,2023-05-28,4550,Victoriano del Escrivá
346,112,2025-01-16,4693,Herminio Ernesto Parra Carballo
347,710,2024-03-17,1249,Samanta Herrero Blanco
348,308,2020-12-23,3761,Mohamed Lobo Belda
349,422,2025-02-15,3531,Dorotea Beltran-Gracia
350,640,2024-05-24,3935,Natalia Galvez Maza
351,313,2021-07-01,289,Fabricio Baeza Izquierdo
352,316,2024-04-28,3375,Alejo Bernal Gámez
353,873,2025-01-06,1999,Graciano Julián Camacho Vilaplana
354,940,2025-04-11,672,Ani Almazán
355,212,2025-06-17,3728,Adelaida Blázquez Franch
356,588,2024-08-13,1853,Eulalia Trini Tenorio Izaguirre
357,526,2021-03-18,629,Diana Casanova
358,114,2020-06-06,2504,Joan Navarrete-Martínez
359,957,2022-11-05,3334,Victoria Arévalo Gámez
360,120,2022-06-11,178,Hermenegildo Alberto Saura Tamayo
361,82,2024-07-10,4744,Arcelia Barrena-Lloret
362,388,2022-07-28,3111,Luz Revilla Camino
363,875,2022-09-14,4100,Omar Juárez Bernad
364,155,2021-03-06,212,Timoteo Cárdenas-Aranda
365,36,2023-11-27,2723,Jose Sevillano Torrijos
366,558,2022-04-18,3990,Arcelia Sanmartín Marquez
367,874,2024-03-18,1279,Teófilo Suárez
368,706,2021-11-11,3014,Marisa Fuentes Díaz
369,973,2020-03-03,2017,Elisa Méndez Córdoba
370,254,2020-12-16,3422,América Valcárcel Boada
371,223,2021-11-05,3312,Leandra Soler
372,360,2021-03-09,1997,José Mari Murcia Molins
373,609,2020-03-05,3631,Amarilis Amigó Carrión
374,905,2021-05-30,2162,Pablo Casas Casanova
375,910,2022-11-14,5000,Emperatriz Cadenas Giralt
376,529,2020-12-20,191,Tere del Aguado
377,764,2024-12-06,4417,Zaida Haydée Solís Abascal
378,902,2023-03-30,3331,Dorita de Mate
379,346,2025-07-09,2334,David Dávila Casal
380,224,2022-08-24,699,Graciana Mendizábal Mariscal
381,654,2021-08-05,2950,Aníbal Sales
382,976,2023-01-15,3088,Cristóbal Frías Bárcena
383,3,2024-05-23,2496,Basilio Azorin-Caro
384,871,2024-07-20,2613,Sebastián Ripoll Peñas
385,35,2025-08-07,1823,Xiomara de Serrano
386,284,2025-04-30,707,Josep de Peiró
387,988,2022-02-07,2477,Timoteo Villar
388,348,2021-01-09,1726,Marianela Coll Gallardo
389,797,2024-05-27,103,Sandalio Cid Velázquez
390,763,2024-01-12,2742,Yago Bravo-Sáenz
391,427,2025-01-15,2739,Ángela Sofía Francisco Hernandez
392,653,2025-01-29,3888,Lázaro Plana Marín
393,130,2022-09-15,2567,Rosa María Tello Portillo
394,354,2024-02-09,2781,Manolo Bosch Gomila
395,881,2021-12-05,4191,Máximo Alejandro Díez Gonzalez
396,609,2024-04-20,4870,Casandra Jimena Campo Bartolomé
397,701,2021-09-19,961,Clara Briones Riera
398,368,2023-10-07,2659,Jose Francisco Ibañez Cadenas
399,164,2023-08-30,800,Darío Ariño Canals
400,374,2020-10-31,315,Elba Sala
401,927,2020-09-09,1303,Santiago Priego-Arco
402,708,2023-07-12,2757,Eliana Quevedo Lozano
403,89,2020-01-09,4656,Encarna de Borrego
404,164,2021-01-15,3954,Bienvenida Fortuny Salamanca
405,266,2022-05-10,942,Aitor del Torrents
406,621,2024-09-28,959,Jennifer Peralta Navas
407,763,2023-05-16,3155,Charo Dominguez Roig
408,757,2022-09-19,1157,Rafa Castelló Aguilar
409,633,2022-09-21,2094,Celestino Heraclio Pou Pacheco
410,252,2021-06-15,4592,Gonzalo Oliver Amor
411,484,2021-10-19,369,Vasco Barrena
412,671,2023-06-10,4572,Marisa Clara Sacristán Castañeda
413,984,2021-12-17,1847,Chuy Gonzalo Mendez
414,374,2025-08-10,2974,Flavia Pina Montserrat
415,330,2020-07-10,4075,Nayara Rojas Hernández
416,707,2022-07-13,3490,Rosenda Jurado-Prat
417,462,2021-03-24,4611,Gisela Olivé
418,672,2023-12-06,1614,Rosa María de Zamorano
419,91,2021-08-12,3143,Perla Paz Morillo Guardiola
420,648,2025-01-07,4382,Victorino Roselló Cordero
421,151,2023-10-25,4500,Araceli de Armengol
422,382,2024-10-29,403,Danilo Frutos Sancho
423,837,2023-12-23,1194,Rosario Casares
424,755,2023-10-05,4837,Xavier Armas Villalobos
425,808,2021-03-07,1965,Angelina Montserrat Arco Domingo
426,350,2022-08-18,1071,Óscar Cid Manso
427,705,2023-03-11,2592,Jesús de Dominguez
428,22,2020-03-13,3439,Amelia Fortuny Torrens
429,977,2022-05-05,123,Adora Lobo Vizcaíno
430,463,2022-10-02,1947,Leandra Ocaña
431,45,2021-12-05,2968,Miguela Fabra Rodrigo
432,516,2020-12-09,1981,Juana Castells
433,242,2022-06-17,1874,Javiera Vázquez Gibert
434,181,2022-01-29,795,Ofelia Pi-Bejarano
435,264,2023-10-03,3873,Amor Diez Rovira
436,134,2020-05-31,4165,Joaquín Camino Daza
437,153,2020-12-02,1905,Nico Torres Álvaro
438,438,2023-02-15,4626,Rosendo Julián Zabala
439,306,2021-12-21,4853,Benigno Hugo Andreu Ríos
440,545,2022-09-19,4647,Vera Priego Gaya
441,928,2025-03-11,4701,Adriana Valenciano Zurita
442,531,2023-11-07,2881,José del Cepeda
443,833,2024-04-26,349,Che Flor-Reig
444,725,2023-03-13,3649,Gisela Camino Egea
445,91,2021-09-27,1600,Maxi Rodrigo-Cabrero
446,789,2024-09-25,2980,Eutimio Royo Villa
447,280,2022-10-28,4023,Julio César Salvador Gomila
448,434,2025-07-21,4098,Aránzazu Arjona Corbacho
449,256,2022-06-09,2868,Claudia Sanabria Simó
450,362,2023-11-20,990,Edmundo Blanes Pont
451,334,2024-10-31,2353,Joaquín del Andres
452,699,2022-04-25,2339,Ismael Hurtado Castells
453,93,2022-09-17,1403,Olivia Quintero Amaya
454,771,2021-12-15,4328,Fausto Abella Solano
455,703,2022-10-10,3610,Macario Pavón Cisneros
456,529,2024-12-18,2532,Armando Talavera Diez
457,719,2022-09-23,3715,Herberto Barón-Casanovas
458,924,2023-11-27,3391,Mercedes Quiroga Botella
459,21,2025-08-13,3430,Maricruz Ani Bas Jaume
460,624,2021-08-06,2062,Benigno Guerrero
461,858,2023-07-23,4800,María Dolores Cáceres Dávila
462,18,2020-05-10,2166,Jovita Ribas Badía
463,58,2021-03-04,1906,Eulalia Arranz
464,120,2025-02-13,4004,Moreno Galán Viña
465,130,2021-08-21,4005,José de Blázquez
466,209,2023-08-20,1654,Primitiva Crespo Yáñez
467,328,2022-05-19,564,Gema Jódar Corral
468,617,2023-06-30,3471,Hector Vila
469,87,2021-05-04,724,Silvia Iñiguez Luís
470,486,2020-03-04,2359,Mirta Lluch Perales
471,622,2023-03-15,4002,Marita Cantero Guitart
472,203,2024-04-07,1176,Kike Mendizábal
473,395,2023-08-09,3017,Cruz Florencia Haro Lluch
474,885,2023-11-06,2292,Cecilio Porras Borja
475,597,2020-12-06,4789,Gabino Abad Prats
476,927,2021-05-20,3108,Jaime Calderón Martin
477,101,2020-06-10,2300,Daniela Herrera Pedro
478,632,2022-09-12,3307,Julio Guijarro Villaverde
479,740,2024-05-04,4356,Victor Teo Bautista García
480,592,2023-09-06,4482,Bautista Cervera Seco
481,320,2022-02-13,4776,Yaiza Barba Rozas
482,372,2020-05-17,500,Teo Zamorano Gallo
483,100,2023-03-05,3776,Graciela Andreu Ureña
484,567,2021-10-02,3803,Febe Sandoval Delgado
485,300,2023-09-06,2725,Leandra Reina
486,629,2024-06-08,4013,Rufino Carrillo
487,964,2022-09-20,249,Édgar Lobo Ferreras
488,738,2021-11-10,4757,Rosaura Puig Palau
489,225,2025-04-04,4564,Nando Ojeda Carrión
490,196,2021-12-08,1220,Pepita Aurelia Torrens Manrique
491,911,2023-02-10,1611,Gerónimo Giner Tur
492,749,2024-08-20,268,Glauco Valero Perelló Vives
493,203,2024-08-06,2201,María Carmen Sanabria Tolosa
494,64,2022-06-16,188,Epifanio Cueto Ríos
495,460,2020-01-23,3477,Patricio Barreda Mascaró
496,225,2023-09-01,849,Custodia Tejero Coca
497,878,2024-07-10,1846,Rubén Higueras-Múñiz
498,633,2025-02-26,1123,Jenny Huerta Zurita
499,773,2023-01-20,4452,Fermín Demetrio Collado Gimeno
500,59,2024-11-29,289,Selena Otero
501,153,2023-06-02,4518,Amado Llano-Revilla
502,831,2023-11-02,2467,Aitana Tejera Peiró
503,441,2025-08-02,2676,Lucho Santiago-Mur
504,923,2023-10-10,2922,Candela Aránzazu Juliá Ibáñez
505,865,2025-08-15,1221,Trini Naranjo Hoyos
506,19,2023-12-22,3623,Candela del Toro
507,675,2020-11-17,2994,Toño Múñiz
508,237,2020-06-27,4901,Cloe Giner Suárez
509,353,2022-05-17,1465,Seve Cepeda Andres
510,749,2020-12-24,2785,Benigno Américo Pagès Armengol
511,843,2020-02-19,3938,Julio Araujo Jimenez
512,712,2023-10-25,3721,Javiera Grau
513,683,2025-03-23,2246,Caridad Casals
514,65,2020-01-04,1613,Saturnino Cueto Mayo
515,379,2024-06-23,4766,Noelia Palmer
516,826,2024-10-04,1322,Teodoro Losada-Almagro
517,285,2021-10-20,3404,Diego Nieto-Sala
518,933,2022-11-03,4747,Atilio Marcos Herrera
519,344,2023-03-17,660,Dionisia Paredes Baeza
520,545,2020-07-07,207,Josefina Bravo Almagro
521,254,2021-02-19,4412,Horacio Antón-Linares
522,325,2022-06-19,619,Hugo Aguirre Aramburu
523,439,2020-09-18,2383,Jacinta Pomares Cantón
524,588,2021-03-25,2008,Álvaro Vilalta Bosch
525,917,2025-04-05,3070,Olegario Perales-Cabrero
526,499,2023-01-31,1560,Zacarías Valenciano Poza
527,709,2020-09-27,2839,Ruperta Florencia Castañeda Vázquez
528,748,2024-07-03,1077,Melisa Palomo Nevado
529,852,2023-10-05,2524,Humberto Rodriguez Canet
530,14,2020-11-20,4051,Vicenta Valencia
531,442,2025-05-06,540,Amílcar Aguado Sanz
532,27,2024-05-17,2335,Celestina Páez Trillo
533,736,2023-05-15,2170,María Pilar Almeida Paz
534,920,2025-04-27,4902,Gerardo Ibañez-Vazquez
535,561,2023-12-05,1287,Cayetana Melero Rojas
536,530,2024-06-05,1107,Yolanda Cortina Ángel
537,583,2024-08-28,222,Damián Manso Aguirre
538,584,2021-01-19,108,Alicia de Romeu
539,506,2022-02-23,4106,Adoración Cabezas
540,692,2020-07-23,421,Ale Maldonado Fonseca
541,300,2023-03-13,2463,Amarilis Florentina Lledó Cabello
542,203,2024-05-16,1435,Ani Macarena Ramón Cerro
543,483,2023-06-24,3494,Lucía Sanmartín
544,338,2023-05-16,2039,Lope Pina Portillo
545,658,2025-03-03,4984,Quirino Marin Jara
546,722,2021-05-30,3739,Camilo Fuster Zabaleta
547,688,2024-07-17,1649,Maximiano Alonso Real
548,475,2025-05-29,983,Teodora Ramirez Montserrat
549,349,2023-07-30,2540,Fernanda Villena Arregui
550,129,2020-11-16,3175,Gilberto Nazario Morell Peralta
551,906,2024-11-04,3660,Piedad Salom Boada
552,552,2021-08-13,489,Miriam Cortina Manso
553,588,2023-07-16,3558,Nadia Hoz Manzanares
554,411,2022-09-13,4243,Paula Seco Galindo
555,217,2020-12-15,3689,Ámbar Páez Fabregat
556,664,2021-01-03,884,Lilia del Carrasco
557,273,2022-02-18,3377,Elisabet Riba
558,159,2023-03-16,1100,Fabiana Frías Riera
559,971,2023-05-09,3623,Eloy Calixto Pardo Cabanillas
560,993,2020-10-15,2225,Eusebio Canet Santamaría
561,300,2024-11-02,3027,Carla Pozuelo-Cepeda
562,457,2024-01-30,4770,Joaquina Salvà Sanz
563,373,2024-12-17,3814,Teodosio Ribes-Córdoba
564,973,2023-06-19,780,Margarita del Bernad
565,928,2020-05-07,1078,Antonio Maza
566,538,2023-02-07,1399,Pancho Caballero
567,241,2020-05-28,1005,Lola Florina Pablo Pombo
568,50,2021-08-07,125,Natalia Amat Múñiz
569,270,2022-01-29,949,Juan Manuel Cabello Quero
570,363,2020-05-09,4018,Pastor José Manuel Lobo Segarra
571,46,2021-10-08,3488,Rosalía Cortés Puig
572,205,2025-03-29,3983,Sandalio Anaya Garzón
573,236,2022-01-03,129,Segismundo Arévalo-Verdú
574,185,2024-06-08,775,Cecilia Gallo Cabrera
575,54,2023-11-10,3140,Osvaldo Barragán Roca
576,983,2020-07-26,2771,Lourdes Mayo Linares
577,465,2022-05-22,3169,Ruy Talavera Gimenez
578,379,2024-12-21,2447,Reyes Zabaleta Fabra
579,403,2021-08-27,2046,Dionisio Cisneros Linares
580,222,2023-12-31,4385,Íñigo Palomar Ferrán
581,29,2020-09-08,3889,Alicia Redondo
582,849,2023-04-21,4009,Mariana del Pinedo
583,349,2024-11-22,4790,Florentino Cobo Fuente
584,729,2023-07-05,3672,Sarita Castañeda Cabañas
585,388,2021-03-08,3923,Blanca Arana Bosch
586,960,2023-07-11,828,Desiderio Riquelme Gallart
587,177,2020-05-04,3820,Salud del Múgica
588,497,2024-09-15,2573,Lilia Macias Barceló
589,505,2022-04-18,741,Edu Curro Miró Montesinos
590,693,2022-06-12,998,Macaria Bayo Chaves
591,547,2022-08-03,3566,Ulises Oller-Alcalde
592,604,2020-07-19,4973,Heraclio Sans Garrido
593,602,2021-04-30,4851,Jacinta Fabra
594,712,2023-04-27,543,Albino Garcés Lucena
595,413,2020-12-08,3858,Fidela Roma Esteve
596,341,2023-06-30,721,Ceferino del Luque
597,629,2023-05-01,3457,Guillermo Martín Arjona Zamorano
598,686,2023-08-14,3212,Pánfilo Anglada Castrillo
599,505,2023-07-28,4455,Salomé Franch Segarra
600,57,2020-06-26,4620,Edmundo Díaz Alcolea
601,448,2021-05-06,3859,Araceli de Nuñez
602,545,2022-07-10,4895,Lázaro Cornejo
603,542,2025-01-28,832,Maximiliano Juliá Frutos
604,420,2022-05-11,784,Pánfilo Cañellas Falcón
605,744,2025-01-12,1455,Toño Torres Barceló
606,3,2023-11-14,3230,Chita Duque Múgica
607,76,2021-11-17,4677,Anunciación Zaragoza Arenas
608,191,2020-12-06,4187,Nico Espinosa Izquierdo
609,343,2024-05-03,4490,Yolanda de Mulet
610,149,2020-06-23,4148,Rogelio de Vall
611,295,2025-03-11,3234,Ofelia Cifuentes Pujadas
612,884,2023-08-26,870,Pastor Jódar Tapia
613,338,2023-04-04,2448,Daniela Izaguirre Castells
614,928,2022-12-22,570,Sabas Ferrera-Ribas
615,545,2023-01-10,1101,Belén Nicolás-Colomer
616,785,2021-04-03,1853,Itziar Peiró Mariscal
617,166,2022-10-28,282,Inocencio Herrero Garrido
618,365,2020-06-24,2098,Teodosio Abellán Nebot
619,988,2023-08-06,3440,Adelaida Aguiló Saura
620,525,2020-09-24,1441,Álvaro de Jordán
621,467,2023-07-03,697,Francisca Alcalde Mendez
622,180,2021-08-26,4872,Duilio Amor
623,58,2022-03-14,2114,Ainara Benítez Pastor
624,224,2020-12-04,1428,Bárbara de Menéndez
625,510,2021-07-31,2621,Carolina del Adán
626,857,2020-01-23,3402,Anselmo Tomas-León
627,883,2023-11-17,1475,Nieves Moreno Guzmán
628,332,2025-04-14,4710,Santiago Leon Peñas
629,696,2021-10-04,322,Rafael Avilés Juliá
630,966,2024-11-24,3557,Pastora Teruel
631,579,2021-07-18,756,Luciana Catalá Julián
632,181,2023-11-06,3255,Luis Ángel Cerro Arce
633,485,2020-10-18,939,Otilia Vergara Soler
634,332,2024-11-30,1696,Dafne Contreras Cisneros
635,531,2022-10-28,2037,Elba Franch-Mas
636,594,2021-11-05,2999,Epifanio Chamorro-Pujadas
637,200,2020-09-30,543,Susana Chaves Carreño
638,874,2025-03-03,2010,Daniela Agudo Villanueva
639,405,2024-10-28,1422,Filomena Carreras Ayala
640,437,2024-01-25,1090,Octavia Sierra Tapia
641,472,2020-12-09,4627,Samuel Leon Perez
642,515,2022-12-24,3817,Virginia Roca Palau
643,913,2024-08-08,4692,Aurelia Bartolomé Camacho
644,982,2025-01-23,3970,Sara Jovita Pombo Pallarès
645,495,2025-07-13,4563,Jafet de Castellanos
646,14,2024-02-03,479,Isaura Nogués Castilla
647,483,2020-11-26,234,Roque Córdoba Flor
648,622,2020-09-22,4207,Zaida Heras-Maza
649,433,2020-09-26,2465,Adrián Peña-Balaguer
650,981,2022-02-25,2362,Rebeca Espinosa Baquero
651,975,2022-07-19,1843,Leoncio Mayo
652,85,2022-12-18,2806,Filomena Josefina Almazán Sobrino
653,371,2025-05-31,1658,Cayetano del Noriega
654,600,2020-03-13,3811,Yaiza Castañeda Rius
655,952,2022-07-26,1453,Elena de Macías
656,349,2025-01-06,515,Juan Carlos Conesa Nogueira
657,74,2025-06-30,2762,Fito Lillo Bolaños
658,831,2020-05-15,2029,Camilo del Leon
659,175,2022-09-18,809,Sofía Asenjo Gutierrez
660,307,2022-04-02,4198,Sandalio Soto Barceló
661,939,2024-06-02,4899,Xiomara Saldaña Castrillo
662,266,2020-03-13,1259,Raquel Dávila Castells
663,729,2024-10-11,2478,Gerardo Leiva Gracia
664,791,2024-06-08,3076,Sarita Donoso Ribes
665,909,2023-09-07,3708,Socorro Rios
666,322,2022-09-14,1048,Emiliano Salvà-Donaire
667,29,2023-12-27,995,Eva Pulido-Estrada
668,246,2023-02-03,4661,Octavia del Manzanares
669,923,2020-09-15,2212,Abraham del Ariño
670,545,2021-12-13,3376,Pedro de Barranco
671,418,2023-11-26,1089,Casemiro Rey
672,124,2023-11-10,1323,Edelmira Patiño Campoy
673,618,2022-02-15,468,Itziar Cano-Alcaraz
674,225,2021-05-26,3438,Segismundo Benet Galan
675,239,2024-04-06,797,Fulgencio Angulo Flor
676,330,2023-03-01,3193,María Fernanda Tena-Mariscal
677,528,2020-03-02,4948,Pía Vaquero Calzada
678,649,2023-02-26,2800,Ricarda Herrero Menéndez
679,544,2024-05-15,682,Francisco Jose Gonzalo Vall Acevedo
680,847,2020-09-03,503,Teobaldo Benitez Alegria
681,331,2022-10-19,3696,Manu Segovia Llanos
682,719,2022-10-16,4968,Rosalinda Vidal
683,675,2023-05-16,575,Inocencio Ferrán-Franch
684,188,2020-07-03,3041,Rosario Andrés Ayala
685,514,2021-09-21,4364,Ovidio Sanz Villegas
686,60,2021-01-26,4732,Adelina Antúnez Rozas
687,622,2025-08-07,2201,Nuria Font Ribes
688,936,2021-01-26,4167,Desiderio López-Cañete
689,312,2025-03-11,2071,Gastón Barral
690,708,2023-10-30,3827,Jordana Bautista Diez
691,734,2020-10-08,1920,Bernardo Meléndez Cánovas
692,519,2024-07-15,1257,Sebastián Xavier Rocha Crespo
693,205,2024-06-23,2677,Dora del Artigas
694,436,2023-06-23,2251,Armida Serna Bilbao
695,293,2022-02-11,1473,Noelia Teófila Iborra Morcillo
696,363,2022-09-29,194,Lorenzo Tadeo Bautista Gimeno
697,380,2022-02-27,520,Faustino Teobaldo Solera Pinedo
698,883,2020-11-01,4679,Ainara Enríquez Macias
699,153,2020-01-02,2566,Elvira Benito Gisbert
700,45,2025-02-22,1868,Juanito Cárdenas Lluch
701,984,2020-10-22,3356,Lupe Pozo Lara
702,112,2024-12-10,1952,Leoncio Nilo Porras Oliva
703,791,2024-11-22,4652,Yésica Áurea Morata Calvo
704,367,2025-04-19,2730,Simón del Almagro
705,345,2022-05-04,4614,Bartolomé Valle
706,233,2020-10-07,1038,Ángel Luján
707,167,2020-11-09,2956,Sol Diez Salgado
708,228,2022-05-01,1124,Natalia Pomares-Mendez
709,958,2020-12-03,471,Sigfrido Ibarra Talavera
710,574,2021-10-30,3179,Amelia Bertrán-Lamas
711,933,2024-05-23,3501,Graciano Manzanares Suarez
712,130,2023-04-12,4679,Luciana Aragonés Bermejo
713,64,2020-04-04,568,Wilfredo Morell
714,204,2021-03-14,4795,Obdulia Agustí
715,234,2023-04-07,3859,Horacio Santos Mariscal
716,615,2024-11-11,4886,Iris Lara Somoza
717,586,2021-04-03,2761,Buenaventura Zabala Novoa
718,468,2023-10-07,4311,Elías Osorio-Villalba
719,583,2023-06-04,1040,Paloma Esmeralda Barón Palacios
720,682,2023-01-21,1702,América Bilbao
721,646,2025-06-22,4855,Rafaela Hervás
722,725,2022-02-12,2799,Bernardo Fuster Alcántara
723,362,2022-08-30,4494,Geraldo Chamorro Vidal
724,335,2020-02-25,4944,Abril Maricela Pol Suarez
725,448,2025-05-10,2073,Jovita Bru Pont
726,100,2020-02-03,4774,Erasmo Pomares Solana
727,786,2023-10-31,4872,María Manuela Sosa Alvarado
728,676,2024-01-15,2272,Marcos Pont Pelayo
729,112,2020-07-14,152,Azahar Salinas Atienza
730,513,2024-08-26,3832,Sandra Rosa Bartolomé
731,759,2023-03-24,3141,Paulino Rodriguez Bello
732,604,2025-01-02,2712,Miguela Mendez Franco
733,573,2025-07-30,983,Pánfilo Juanito Baró Rozas
734,883,2021-01-16,1184,Coral de Robledo
735,215,2021-09-09,261,Ramona Hidalgo Berenguer
736,791,2020-01-18,4110,Marino Vergara Melero
737,949,2024-12-04,4228,Vanesa Marquez Sainz
738,340,2023-02-09,2293,Brígida Campos Losada
739,761,2021-06-30,3268,Leandra Milla Luna
740,57,2024-07-29,4831,Eustaquio Borrás Arribas
741,708,2022-03-10,476,Blanca Rosado Terrón
742,995,2022-08-27,650,Bienvenida Gálvez Mascaró
743,72,2022-02-26,808,Atilio Iñiguez Sanabria
744,101,2023-09-16,242,María Esther Agustí Robledo
745,227,2020-02-18,1087,Azahar Lorenzo Coca
746,385,2023-06-29,978,Nuria Terrón Mata
747,829,2025-03-03,2716,José Luis Arrieta Simó
748,182,2024-10-03,4019,Remedios Bru
749,692,2024-11-20,3568,Adriana Araujo Cadenas
750,663,2023-04-09,562,Tito Ruben Baños Prado
751,387,2024-11-09,4690,Jerónimo Alcaraz-Montes
752,815,2020-03-22,4894,Nacio Perera Rey
753,861,2023-08-16,3990,Sarita Ayala
754,774,2022-12-18,3475,Juan Antonio Lobato Arévalo
755,453,2021-12-13,3088,René Adadia Checa
756,841,2020-06-18,1966,Fidela Uría Menéndez
757,107,2024-03-29,3585,Jennifer Acero Pomares
758,104,2022-09-07,1364,Miguel Iker Acosta Prado
759,750,2021-05-11,2048,María Del Carmen Martin-Peña
760,653,2025-07-04,2704,Blas Cid Baños
761,914,2024-11-03,3771,Eva Ribes Sarabia
762,842,2022-06-27,4179,Dimas Régulo Mendoza Ochoa
763,489,2022-01-22,3077,Heraclio Núñez-Ferrán
764,168,2024-12-11,1932,Domitila Maestre Crespi
765,364,2024-08-05,821,Faustino Vilanova Reina
766,327,2021-12-14,598,Mario Fuentes Sainz
767,566,2025-06-25,4969,Moreno Silva-Pérez
768,165,2020-11-27,2280,Abril Castejón Meléndez
769,503,2023-09-03,481,Olivia Gimeno Chacón
770,34,2023-12-26,609,Esmeralda Gomez Ripoll
771,566,2020-07-20,3541,Amílcar Granados-Blanes
772,230,2020-01-24,1061,Chus Sotelo Solís
773,630,2024-07-06,1693,Inmaculada Cornejo Ribas
774,342,2020-11-09,4400,Joan Rueda
775,432,2021-12-13,4792,Isabela Belmonte Palomares
776,264,2020-05-23,3706,Elisa Agustí-Perales
777,522,2025-06-24,2049,Herminia Aroca Amorós
778,595,2020-08-19,3237,Roberto de Moraleda
779,154,2020-07-04,1811,Zacarías Alcántara Nevado
780,52,2023-12-06,1342,Loreto Contreras Alberto
781,532,2023-05-30,801,Carmela Seguí Caparrós
782,216,2025-08-03,2797,Lorenza Mariscal Echeverría
783,830,2024-05-16,2818,Luisa Duarte Cózar
784,952,2020-12-12,3043,Luis de Macias
785,231,2024-02-25,439,Evaristo Torralba Garay
786,486,2025-03-18,459,Albino Ferreras Ochoa
787,281,2023-01-01,1406,Chema Águila Asenjo
788,799,2025-04-14,426,Carlota Llabrés
789,102,2023-04-26,1448,Narcisa Domínguez
790,904,2024-09-09,1134,Eliana del Mate
791,667,2022-11-21,817,Marc Arnau Mena
792,123,2023-01-28,2080,Cintia Adán Tamarit
793,17,2022-05-14,1578,Cruz Llano Sola
794,257,2022-01-12,2631,Apolinar Rincón Cañellas
795,378,2021-06-04,4066,María Carmen Montserrat Villalba
796,384,2021-04-30,2372,Olivia Dávila Cuesta
797,820,2020-10-19,4843,Benigna Simó
798,303,2020-01-08,2184,Che Coello Talavera
799,386,2021-04-08,4056,Cebrián de Aliaga
800,769,2025-03-19,1101,Griselda del Mateu
801,774,2021-08-07,3037,Martin de Ferrán
802,206,2022-07-08,1703,Graciano Galindo Gual
803,421,2022-05-02,2587,Fidela Sancho Álamo
804,864,2023-11-12,3664,Carmela Casas-Taboada
805,123,2022-08-16,741,Bautista Alcides Cid Grau
806,37,2023-11-01,1451,Dafne Canales-Armas
807,837,2024-08-15,4631,Manu Segarra Planas
808,529,2025-01-03,2744,María Dolores Hurtado Quirós
809,516,2020-06-12,2412,Nazaret Villar Montoya
810,870,2022-08-14,1832,Teófila Ibañez Correa
811,783,2021-09-09,278,Aurora Amigó Mendez
812,243,2022-04-09,2063,Cristian Expósito Polo
813,823,2021-10-12,4387,Benjamín Cañete-Abril
814,828,2024-07-15,1158,Jose Ramón Torrens Muro
815,110,2021-05-18,3574,Modesto Pinedo Franco
816,892,2024-07-29,1425,Jose Alcázar Guillen
817,671,2022-10-03,1959,Dionisia Yéssica Blanco Antón
818,176,2023-10-07,4850,Fabián Manuel Colom
819,600,2023-06-23,2610,Prudencia Vázquez Ayuso
820,540,2024-03-25,1036,Soledad Begoña Peñalver Vergara
821,482,2023-03-02,3981,Rico Valentín Mora
822,707,2024-06-01,3165,Virginia Tere Palomar Castell
823,625,2021-07-11,120,Aroa Margarita Portero Amorós
824,913,2020-02-07,3373,Jacobo Tirado Gisbert
825,489,2020-10-15,4333,Dora Campo Vicens
826,664,2024-01-17,4866,Julio César Ponce Martínez
827,796,2025-02-09,2910,Efraín Castañeda Marí
828,432,2020-12-13,3529,Valeria Rincón Alba
829,788,2021-02-15,613,Marcia del Solano
830,859,2022-10-29,353,Rufina Expósito-Moll
831,845,2024-09-24,2434,Fulgencio Javier Alcázar Calderón
832,55,2025-07-29,1331,María José Arribas Alemán
833,766,2021-06-09,2717,José Expósito Tejera
834,749,2021-07-03,1032,Lilia Gual Mora
835,871,2024-02-08,1608,Timoteo Cobo
836,122,2023-09-14,1420,Aitana de Lledó
837,87,2022-01-10,2296,Rosalía del Ballester
838,921,2022-03-03,1675,Javiera Elba Arribas Mateos
839,927,2020-08-30,4698,Melisa Esteban Almagro
840,432,2021-12-25,1182,Matías Santos Marco
841,258,2020-05-03,719,Tamara Cañizares-Sureda
842,976,2020-08-25,4764,Carla Martirio Pi Alvarado
843,533,2020-09-10,4615,María Belén Galan Barceló
844,156,2022-08-07,2317,Lina Merche Reyes Fonseca
845,801,2023-11-22,235,Pánfilo Salgado
846,947,2025-03-22,3138,Manuela Alberdi Larrea
847,985,2020-08-30,3041,Juan Luis Barriga Jáuregui
848,655,2020-05-06,1455,Teófila Ripoll Luna
849,188,2023-09-15,250,Eliana Balaguer Montesinos
850,835,2022-07-25,3812,Poncio Novoa Ayuso
851,274,2023-12-05,2869,Ambrosio Manzano-Bernad
852,171,2020-04-14,3211,Primitiva de Farré
853,684,2023-01-28,2520,Benita Marco Piña
854,671,2020-11-17,1200,Regina Ribes-Valero
855,198,2024-12-23,912,Constanza del Girona
856,479,2023-08-29,4817,Nazaret Abella Salcedo
857,743,2025-04-07,1676,Elisabet Blazquez
858,350,2020-02-13,364,Vasco de Vidal
859,993,2023-04-19,592,Emma Montes
860,315,2023-04-18,3632,Ceferino Claudio Rius Mate
861,281,2023-09-05,3000,Prudencio Josué Vazquez Garcia
862,602,2021-10-30,949,Marciano Benjamín Sureda Cortes
863,406,2024-05-09,3893,Norberto Codina Lumbreras
864,787,2022-08-21,1956,Julia Serna Sáenz
865,328,2024-02-18,665,Amaya Barroso Montes
866,751,2023-04-10,225,Lino Canals Carmona
867,489,2022-03-26,1669,Vanesa Mayol Vega
868,743,2020-08-24,1576,Isabel Peñalver-Pera
869,291,2023-11-05,642,Yéssica Lloret Pol
870,272,2021-03-14,4809,Ricarda de Carballo
871,374,2022-03-02,4188,Aitana Zaira Figuerola Perea
872,426,2022-05-16,513,Paulino Serna Bolaños
873,276,2023-06-30,2764,Poncio Mohamed Ávila Camps
874,915,2021-11-14,1947,Arsenio de Manjón
875,335,2021-09-20,842,Fortunato Leandro Pou Rivas
876,466,2020-04-23,2656,América Saavedra Marcos
877,188,2021-03-14,3045,Joaquín del Matas
878,436,2021-11-03,1110,Socorro Saavedra
879,143,2023-07-17,3065,Teodoro de Salcedo
880,103,2024-01-18,1633,Nacio Ariza Armengol
881,723,2024-01-08,1315,Anastasio Valero Ramos
882,626,2023-07-11,931,Dafne Garzón Ortuño
883,888,2022-11-09,4267,Rita Abad
884,994,2020-02-29,308,Benita Manso
885,684,2021-09-25,810,Kike del Becerra
886,630,2021-05-30,2251,Mauricio de Correa
887,208,2020-06-13,2554,Ezequiel Agullo Peinado
888,154,2024-03-15,3377,Emma Peñalver-Bauzà
889,968,2022-08-13,1561,Martirio Prada
890,857,2022-02-02,4827,Sancho Vives Tur
891,959,2025-03-06,231,Carlito Almeida Campoy
892,968,2025-02-19,2640,Borja Emiliano Polo Tapia
893,909,2025-05-29,4210,Samuel Elpidio Egea Nebot
894,579,2023-03-03,3358,Elodia Marti Barroso
895,207,2024-11-21,4769,Ramona Carmona Gomila
896,464,2023-10-15,4171,Hermenegildo Llorente-Herrera
897,750,2022-02-03,514,Candelas Neira Morillo
898,970,2025-02-16,1406,Adolfo Torrens-Arévalo
899,401,2023-12-29,827,Norberto Ferrándiz Revilla
900,387,2020-07-22,2164,Tecla del Terrón
901,437,2024-11-19,4652,Jose Manuel Mesa
902,395,2022-05-14,2601,Adelina Bastida Llopis
903,981,2022-04-11,4675,Juan José Castellanos Cueto
904,763,2025-01-17,4063,Isabela Narváez Campos
905,842,2023-12-03,982,Maricruz Codina Arroyo
906,346,2021-04-17,3906,María Belén Mate Romero
907,855,2023-03-15,1560,Emma Alba Flor
908,843,2025-06-18,1596,Severiano Santos
909,183,2023-01-22,3210,Albano Pagès Gallardo
910,129,2021-08-19,1806,Clímaco Cuesta Diaz
911,42,2023-03-30,1657,Carlos Nogués Briones
912,643,2025-05-23,706,Ramona Paca Cantón Tejera
913,277,2022-06-28,2560,Gastón Benavent Araujo
914,635,2023-02-15,4844,Atilio Barba Lladó
915,559,2022-08-29,3658,Petrona Castejón Jiménez
916,835,2023-03-08,694,Sigfrido Domínguez
917,929,2020-07-31,2063,Alfredo Conde Cortés
918,954,2025-01-07,343,Anselmo Carlito Gámez Tejera
919,584,2020-05-13,2483,Rodolfo Josep Marti Arroyo
920,357,2023-07-02,1418,Julio César Santamaria Alarcón
921,546,2021-04-05,4278,José Antonio Cifuentes Bonilla
922,866,2020-12-11,1655,Ignacio Jordán Aragonés
923,884,2020-09-02,620,Tania Palma Camps
924,501,2023-03-23,141,Cloe Lozano Alsina
925,110,2023-01-05,4034,Ramón Tamayo Carvajal
926,283,2023-06-12,3059,Eva Lastra Saldaña
927,957,2020-06-15,4970,Aránzazu Silva Cabello
928,389,2025-03-17,2026,Ester Gonzalo Quiroga
929,864,2022-07-08,3203,Eva María Andres-Enríquez
930,758,2022-03-17,3085,Jose Manuel Huerta Roura
931,632,2020-10-11,4406,Epifanio Puga Ramis
932,438,2025-02-13,4761,Esperanza Busquets Monreal
933,559,2024-03-12,2661,Florina del Rueda
934,442,2021-06-22,112,Tatiana del Puig
935,161,2023-10-05,986,Patricio Barberá Moll
936,278,2023-09-09,3121,Samanta Prada Collado
937,66,2021-05-09,2493,Alberto Puente-Bosch
938,298,2020-03-18,1401,Angelina Jódar Herrera
939,787,2022-06-06,4576,Renato Ramírez Losada
940,305,2024-03-30,1461,Rosaura Lucas Giménez
941,187,2023-10-15,704,Graciela Celestina Pera Espejo
942,974,2022-05-22,3897,Amor del Segarra
943,547,2024-03-28,640,Martín Nico Fernández Ribera
944,555,2021-09-24,3921,Lucas de Beltran
945,780,2024-04-02,3685,Galo Ruano Narváez
946,915,2022-01-25,3613,Rogelio Reguera Ferrando
947,613,2020-02-01,1695,Xiomara Agustí Zabaleta
948,814,2024-09-01,4642,Vera Pastora Lledó Simó
949,208,2023-12-11,3406,Gabriel Paniagua-Alfaro
950,280,2021-05-20,1667,Espiridión del Castillo
951,645,2025-03-20,3871,Jenaro Rozas Costa
952,721,2022-01-05,4023,Armando Carrasco Mesa
953,643,2022-12-11,1746,Vilma Guerra Salas
954,966,2022-05-17,1508,Fernanda de Aguilar
955,319,2020-06-03,3638,María José Iborra Méndez
956,887,2021-09-04,539,Caridad Catalina Calderón Catalá
957,511,2025-03-14,1156,Olivia Castrillo Tormo
958,535,2020-09-09,3569,Salud Colomer Velasco
959,879,2023-04-24,2469,Marisa Uribe Aragón
960,990,2024-07-10,1128,Óscar Vendrell Tomé
961,843,2025-06-02,4961,Valentina Ponce Morán
962,558,2022-07-29,3333,María Ugarte Barrio
963,590,2023-10-13,2990,Guillermo Robledo Moya
964,134,2021-05-13,3523,Filomena Valenzuela Maestre
965,947,2024-07-06,4958,Berta del Alba
966,21,2024-10-25,1937,León Muro Cañete
967,10,2023-12-19,4564,Abel de Serra
968,262,2022-11-03,925,Marcial Lloret-Salvà
969,354,2022-02-18,2854,Fortunato Llamas Fonseca
970,271,2023-02-11,1932,Cipriano del Alsina
971,959,2020-04-20,3850,Omar Valdés Mate
972,428,2023-11-13,2550,Aníbal Andres-Figueroa
973,218,2022-10-23,670,Aníbal Madrid Castellanos
974,30,2023-08-16,3193,Jose Angel Gárate Barrena
975,699,2020-06-09,1696,Eustaquio Peralta Leon
976,759,2024-12-24,3543,Silvia Palomar Hervia
977,419,2022-03-03,2823,Alexandra Cánovas Girona
978,872,2022-04-15,2338,Angelino Llamas Calvo
979,236,2021-01-10,4891,Mayte Casares Vallejo
980,579,2022-07-09,4356,Fabio Abella-Bauzà
981,598,2020-09-01,2184,Modesta Palomares Luz
982,969,2021-10-04,2367,Petrona del Miranda
983,558,2021-01-19,1192,Cesar Mateo Poza
984,930,2022-12-05,1701,Pascuala Tamarit Samper
985,562,2024-05-27,2519,Jesusa Lobato-Reguera
986,579,2021-08-11,2517,Nidia Garay-Villalonga
987,872,2022-01-24,4102,Quique Isaías Calderon Salcedo
988,62,2024-10-22,4079,Mamen de Naranjo
989,335,2021-06-02,790,Leandra Manso Barroso
990,872,2024-11-30,2295,José Ángel Sarmiento Cuevas
991,426,2020-12-27,1986,Delia Querol Sala
992,120,2023-09-30,2644,Coral Miguel Valenzuela
993,747,2024-07-19,958,Agapito Jover Llorente
994,19,2024-11-24,2916,Octavio Pacheco Prada
995,913,2024-02-08,2722,Alejo Valero
996,677,2024-10-09,2555,Trini Crespo Mayol
997,283,2020-11-07,392,Marina Alemán-Gonzalo
998,111,2024-04-12,1871,Eutimio Tamarit Arana
999,149,2025-01-19,3451,Herberto Jara Teruel
1000,385,2020-08-23,1158,Héctor Tudela Villalba
